id,casetype,scheduledate,time,action,suggest,comment,iscompleted,customer_id,handledby_id,,
5,Checking ,2019-06-19,11:00:00,,,,1,2,1,,
6,Urgent Repair,2019-05-31,11:00:00,,,,1,2,1,,
8,Filter replacement,2019-05-31,11:00:00,,,,1,8,1,,
9,Filter replacement,2019-05-31,11:00:00,hello,word,,1,8,1,,
10,Urgent Repair,2019-07-10,10:20:00,,,,1,8,1,,
11,Filter replacement,2019-07-16,10:00:00,,,,1,1,2,,
12,Filter replacement,2019-07-16,10:00:00,,,,1,1,1,,
17,Filter replacement,2019-07-13,10:00:00,,,,1,6,1,,
19,Filter replacement,2019-07-31,10:15:00,,,,1,6,1,,
20,Urgent Repair,2019-08-01,11:00:00,,,,1,6,1,,
21,Filter replacement,2018-04-06,10:00:00,,,,1,10,1,,
22,Installatoin,2018-04-10,10:00:00,,,,1,13,1,,
23,Filter replacement,2018-04-10,10:00:00,,,,1,16,1,,
24,Filter replacement,2018-04-10,10:00:00,,,,1,16,1,,
25,Filter replacement,2018-04-10,10:00:00,,,,1,16,1,,
26,Filter replacement,2018-06-06,10:00:00,,,,1,18,1,,
27,Filter replacement,2018-06-06,10:00:00,,,,1,23,1,,
28,Filter replacement,2018-07-04,10:00:00,,,,1,24,1,,
29,Filter replacement,2017-12-05,10:00:00,,,,1,31,1,,
30,Filter replacement,2017-12-05,10:00:00,,,,1,31,1,,
31,Filter replacement,2017-12-05,10:00:00,,,,1,31,1,,
32,Filter replacement,2018-04-12,10:00:00,,,,1,31,1,,
33,Filter replacement,2018-04-12,10:00:00,,,,1,31,1,,
34,Filter replacement,2018-04-12,10:00:00,,,,1,31,1,,
35,Filter replacement,2018-06-04,10:00:00,,,,1,31,1,,
36,Filter replacement,2018-06-04,10:00:00,,,,1,31,1,,
37,Filter replacement,2018-06-04,10:00:00,,,,1,31,1,,
38,Filter replacement,2018-06-08,10:00:00,,,,1,39,1,,
39,Checking ,2018-04-23,10:00:00,更換熱水安全制,,,1,39,1,,
40,Filter replacement,2017-12-07,10:00:00,,,,1,47,1,,
41,Filter replacement,2018-06-21,10:00:00,,,,1,47,1,,
42,Filter replacement,2018-05-11,10:00:00,,,,1,48,1,,
43,Filter replacement,2018-05-11,10:00:00,,,,1,48,1,,
44,Filter replacement,2018-04-09,10:00:00,,,,1,53,1,,
45,Filter replacement,2018-05-25,10:00:00,,,,1,55,1,,
46,Filter replacement,2017-12-06,10:00:00,,,,1,63,1,,
47,Filter replacement,2018-06-12,10:00:00,,,,1,63,1,,
48,Filter replacement,2018-03-21,10:00:00,,,,1,68,1,,
49,Filter replacement,2018-07-09,10:00:00,,,,1,68,1,,
50,Filter replacement,2018-03-26,10:00:00,,,,1,76,1,,
51,Filter replacement,2018-05-14,10:00:00,,,,1,76,1,,
52,Filter replacement,2018-04-04,10:00:00,,,,1,83,1,,
53,Filter replacement,2018-04-23,10:00:00,,,,1,85,1,,
54,Filter replacement,2018-04-25,10:00:00,,,,1,91,1,,
55,Filter replacement,2018-04-18,10:00:00,,,,1,93,1,,
56,Filter replacement,2018-04-17,10:00:00,,,,1,95,1,,
57,Filter replacement,2018-04-13,10:00:00,,,,1,99,1,,
58,Filter replacement,2018-08-06,10:00:00,,,,1,100,1,,
59,Checking ,2018-04-09,10:00:00,,,換機,1,100,1,,
60,Filter replacement,2017-12-07,10:00:00,,,,1,103,1,,
61,Filter replacement,,10:00:00,,,,1,105,1,,
62,Filter replacement,2018-06-05,10:00:00,,,,1,106,1,,
63,Filter replacement,2017-12-05,10:00:00,,,,1,107,1,,
64,Filter replacement,2018-06-21,10:00:00,,,,1,108,1,,
65,Filter replacement,2017-12-06,10:00:00,,,,1,109,1,,
66,Filter replacement,2018-06-13,10:00:00,,,,1,109,1,,
67,Filter replacement,2017-12-07,10:00:00,,,,1,110,1,,
68,Urgent Repair,2018-03-27,10:00:00,熱水制斷,,,1,127,1,,
69,Filter replacement,2018-08-07,10:00:00,,,,1,136,1,,
70,Installatoin,2018-03-28,10:00:00,,,搬機,1,147,1,,
71,Filter replacement,2018-04-09,10:00:00,,,,1,148,1,,
72,Filter replacement,2018-04-24,10:00:00,,,,1,150,1,,
73,Filter replacement,2018-04-23,10:00:00,,,,1,151,1,,
74,Filter replacement,2018-04-17,10:00:00,,,,1,152,1,,
75,Filter replacement,2018-04-23,10:00:00,,,,1,153,1,,
76,Installatoin,2018-04-23,10:00:00,,,,1,153,1,,
77,Filter replacement,2018-05-09,10:00:00,,,,1,155,1,,
78,Filter replacement,2018-05-10,10:00:00,,,,1,156,1,,
79,Filter replacement,2018-05-11,10:00:00,,,,1,162,1,,
80,Filter replacement,2018-04-30,10:00:00,,,,1,165,1,,
81,Filter replacement,2015-12-21,10:00:00,,,,1,167,1,,
82,Filter replacement,2016-06-08,10:00:00,,,,1,167,1,,
83,Filter replacement,2016-12-16,10:00:00,,,,1,167,1,,
84,Filter replacement,2017-06-15,10:00:00,N/A,N/A,N/A,1,167,1,,
85,Installatoin,2015-06-08,10:00:00,,,,1,167,1,,
86,Filter replacement,2018-06-11,10:00:00,,,,1,170,1,,
87,Filter replacement,2017-12-06,10:00:00,,,,1,171,1,,
88,Filter replacement,2018-06-05,10:00:00,,,,1,171,1,,
89,Filter replacement,2018-07-17,10:00:00,,,,1,171,1,,
90,Filter replacement,2018-07-04,10:00:00,,,,1,173,1,,
91,Installatoin,2018-03-27,10:00:00,,,搬機,1,173,1,,
92,Filter replacement,2018-06-29,10:00:00,,,,1,174,1,,
93,Filter replacement,2018-07-17,10:00:00,,,,1,179,1,,
94,Filter replacement,2016-03-01,10:00:00,,,,1,191,1,,
95,Filter replacement,2017-02-17,10:00:00,,,,1,191,1,,
96,Filter replacement,2017-08-10,10:00:00,,,,1,191,1,,
97,Filter replacement,2018-08-22,10:00:00,,,,1,191,1,,
98,Installatoin,2016-08-16,10:00:00,,,,1,191,1,,
99,Filter replacement,2017-08-08,10:00:00,,,,1,192,1,,
100,Filter replacement,2017-02-08,10:00:00,,,,1,192,1,,
101,Filter replacement,2016-08-22,10:00:00,,,,1,192,1,,
102,Filter replacement,2016-02-03,10:00:00,,,,1,192,1,,
103,Installatoin,2015-08-03,10:00:00,,,,1,192,1,,
104,Checking ,2015-07-31,10:00:00,,,,1,192,1,,
105,Filter replacement,2016-02-23,10:00:00,,,,1,204,1,,
106,Filter replacement,2016-08-22,10:00:00,,,,1,204,1,,
107,Filter replacement,2017-02-15,10:00:00,,,,1,204,1,,
108,Filter replacement,2017-08-08,10:00:00,,,,1,204,1,,
109,Installatoin,2015-08-27,10:00:00,,,,1,204,1,,
110,Urgent Repair,2017-06-30,10:00:00,Cold water n,take ,,1,204,1,,
111,Urgent Repair,2017-07-24,10:00:00,Send back th,,,1,204,1,,
112,Filter replacement,2016-02-16,10:00:00,,,,1,207,1,,
113,Filter replacement,2016-08-24,10:00:00,,,,1,207,1,,
114,Filter replacement,2017-02-27,10:00:00,,,,1,207,1,,
115,Filter replacement,2018-08-07,10:00:00,,,,1,207,1,,
116,Installatoin,2015-08-28,10:00:00,,,,1,207,1,,
117,Urgent Repair,2015-10-19,10:00:00,"No sound , S",,,1,207,1,,
118,Filter replacement,2016-02-24,10:00:00,,,,1,209,1,,
119,Filter replacement,2016-08-30,10:00:00,,,,1,209,1,,
120,Installatoin,2017-02-27,10:00:00,,,,1,209,1,,
121,Filter replacement,2016-02-23,10:00:00,,,,1,210,1,,
122,Filter replacement,2016-08-23,10:00:00,,,,1,210,1,,
123,Filter replacement,2017-02-15,10:00:00,,,,1,210,1,,
124,Installatoin,2015-08-31,10:00:00,,,,1,210,1,,
125,Installatoin,2018-04-09,10:00:00,,,搬機,1,210,1,,
126,Filter replacement,2018-04-25,10:00:00,,,,1,229,1,,
127,Filter replacement,2018-04-27,10:00:00,,,,1,231,1,,
128,Filter replacement,2018-04-06,10:00:00,,,,1,233,1,,
129,Filter replacement,2018-04-06,10:00:00,,,,1,235,1,,
130,Filter replacement,2018-04-25,10:00:00,,,,1,236,1,,
131,Filter replacement,2018-04-09,10:00:00,,,,1,237,1,,
132,Filter replacement,2018-04-13,10:00:00,,,,1,238,1,,
133,Filter replacement,2018-04-18,10:00:00,,,,1,240,1,,
134,Filter replacement,2108-04-09,10:00:00,,,,1,243,1,,
135,Filter replacement,2018-04-04,10:00:00,,,,1,244,1,,
137,Filter replacement,2018-05-10,10:00:00,,,,1,247,1,,
138,Filter replacement,2018-05-08,10:00:00,,,,1,248,1,,
139,Filter replacement,2017-08-14,10:00:00,,,,1,249,1,,
140,Filter replacement,2017-02-14,10:00:00,,,,1,249,1,,
141,Installatoin,2015-11-25,10:00:00,,,,1,249,1,,
142,Checking ,2015-11-13,10:00:00,,,,1,249,1,,
143,Filter replacement,2018-05-10,10:00:00,,,,1,251,1,,
144,Filter replacement,,10:00:00,,,,1,252,1,,
145,Filter replacement,2018-06-06,10:00:00,,,,1,252,1,,
146,Filter replacement,2018-05-08,10:00:00,,,,1,253,1,,
147,Filter replacement,2018-06-15,10:00:00,,,,1,254,1,,
148,Filter replacement,2017-12-05,10:00:00,,,,1,255,1,,
149,Filter replacement,2018-06-08,10:00:00,,,,1,255,1,,
150,Filter replacement,2016-08-10,10:00:00,,,,1,261,1,,
151,Filter replacement,2016-01-07,10:00:00,,,,1,261,1,,
152,Filter replacement,2017-02-20,10:00:00,,,,1,261,1,,
153,Filter replacement,2017-08-09,10:00:00,,,,1,261,1,,
154,Filter replacement,2018-08-07,10:00:00,,,,1,261,1,,
155,Urgent Repair,2016-09-12,10:00:00,water leak,fixed,,1,261,1,,
156,Filter replacement,2018-07-05,10:00:00,,,,1,263,1,,
157,Filter replacement,2018-07-10,10:00:00,,,,1,264,1,,
158,Filter replacement,2018-06-01,10:00:00,,,,1,265,1,,
159,Filter replacement,2018-06-01,10:00:00,,,,1,265,1,,
160,Filter replacement,2018-06-01,10:00:00,,,,1,265,1,,
161,Filter replacement,2016-08-16,10:00:00,,,,1,266,1,,
162,Filter replacement,2017-02-17,10:00:00,,,,1,266,1,,
163,Urgent Repair,2016-05-10,10:00:00,Water leak f,site ,,1,266,1,,
164,Urgent Repair,2017-08-08,10:00:00,Exchange a n,Excha,,1,266,1,,
165,Filter replacement,2018-04-16,10:00:00,,,,1,270,1,,
166,Filter replacement,2018-04-04,10:00:00,,,,1,274,1,,
167,Filter replacement,2018-04-13,10:00:00,,,,1,276,1,,
168,Filter replacement,2018-04-04,10:00:00,,,,1,279,1,,
169,Filter replacement,2018-04-09,10:00:00,,,,1,280,1,,
170,Filter replacement,2018-05-04,10:00:00,,,,1,281,1,,
171,Filter replacement,2018-05-03,10:00:00,,,,1,282,1,,
172,Filter replacement,2018-05-02,10:00:00,,,,1,283,1,,
173,Filter replacement,2018-05-08,10:00:00,,,,1,285,1,,
174,Filter replacement,2018-05-03,10:00:00,,,,1,287,1,,
175,Filter replacement,2018-05-04,10:00:00,,,,1,289,1,,
176,Filter replacement,2017-08-01,10:00:00,,,,1,290,1,,
177,Filter replacement,2017-08-01,10:00:00,,,,1,290,1,,
178,Filter replacement,2016-02-08,10:00:00,,,,1,290,1,,
179,Filter replacement,2017-02-08,10:00:00,,,,1,290,1,,
180,Filter replacement,2018-07-18,10:00:00,,,,1,290,1,,
181,Filter replacement,2018-07-18,10:00:00,,,,1,290,1,,
182,Installatoin,2016-08-12,10:00:00,,,,1,290,1,,
183,Urgent Repair,2016-11-02,10:00:00,,,,1,290,1,,
184,Urgent Repair,2016-09-30,10:00:00,,,,1,290,1,,
185,Checking ,2016-07-19,10:00:00,,,,1,290,1,,
186,Checking ,2018-05-03,10:00:00,無水出,,,1,290,1,,
187,Filter replacement,2018-06-12,10:00:00,,,,1,293,1,,
188,Filter replacement,2018-06-06,10:00:00,,,,1,294,1,,
189,Filter replacement,2017-12-06,10:00:00,,,,1,295,1,,
190,Filter replacement,2017-12-06,10:00:00,,,,1,295,1,,
191,Filter replacement,2018-06-05,10:00:00,,,,1,295,1,,
192,Filter replacement,2018-06-05,10:00:00,,,,1,295,1,,
193,Filter replacement,2018-06-15,10:00:00,,,,1,298,1,,
194,Filter replacement,2017-12-05,10:00:00,,,,1,300,1,,
195,Filter replacement,2018-06-13,10:00:00,,,,1,301,1,,
196,Filter replacement,2018-06-13,10:00:00,,,,1,302,1,,
197,Filter replacement,2018-07-20,10:00:00,,,,1,305,1,,
198,Filter replacement,2018-06-11,10:00:00,,,,1,306,1,,
199,Filter replacement,2018-06-13,10:00:00,,,,1,307,1,,
200,Filter replacement,2018-06-29,10:00:00,,,,1,308,1,,
201,Filter replacement,2018-07-12,10:00:00,,,,1,309,1,,
202,Filter replacement,2018-06-29,10:00:00,,,,1,310,1,,
203,Filter replacement,2017-08-02,10:00:00,,,,1,312,1,,
204,Filter replacement,2017-02-13,10:00:00,,,,1,312,1,,
205,Filter replacement,2017-02-07,10:00:00,,,,1,313,1,,
206,Installatoin,2016-08-03,10:00:00,,,,1,313,1,,
207,Filter replacement,2017-02-08,10:00:00,,,,1,314,1,,
208,Filter replacement,2018-08-14,10:00:00,,,,1,314,1,,
209,Installatoin,2016-08-03,10:00:00,,,,1,314,1,,
210,Checking ,2017-08-08,10:00:00,,,,1,314,1,,
211,Filter replacement,2017-08-14,10:00:00,,,,1,315,1,,
212,Filter replacement,2017-02-08,10:00:00,,,,1,315,1,,
213,Installatoin,2016-08-09,10:00:00,,,,1,315,1,,
214,Filter replacement,2017-08-03,10:00:00,,,,1,316,1,,
215,Filter replacement,2017-08-03,10:00:00,,,,1,316,1,,
216,Filter replacement,2017-02-15,10:00:00,,,,1,316,1,,
217,Filter replacement,2017-02-15,10:00:00,,,,1,316,1,,
218,Installatoin,2016-08-29,10:00:00,,,,1,316,1,,
219,Installatoin,2016-08-29,10:00:00,,,,1,316,1,,
220,Urgent Repair,2017-04-20,10:00:00,,,,1,316,1,,
221,Urgent Repair,2016-12-15,10:00:00,,,,1,316,1,,
222,Urgent Repair,2016-12-15,10:00:00,,,,1,316,1,,
223,Filter replacement,2017-07-31,10:00:00,,,,1,317,1,,
224,Filter replacement,2017-07-31,10:00:00,,,,1,317,1,,
225,Filter replacement,2017-02-07,10:00:00,,,,1,317,1,,
226,Filter replacement,2017-02-07,10:00:00,,,,1,317,1,,
227,Installatoin,2017-08-25,10:00:00,,,,1,317,1,,
228,Installatoin,2017-08-25,10:00:00,,,,1,317,1,,
229,Filter replacement,2017-08-01,10:00:00,,,,1,319,1,,
230,Filter replacement,2017-02-14,10:00:00,,,,1,319,1,,
231,Installatoin,2016-08-15,10:00:00,,,,1,319,1,,
232,Urgent Repair,2017-08-08,10:00:00,,,,1,319,1,,
233,Checking ,2017-08-12,10:00:00,,,,1,319,1,,
234,Filter replacement,2017-08-07,10:00:00,,,,1,320,1,,
235,Filter replacement,2016-02-16,10:00:00,,,,1,320,1,,
236,Filter replacement,2018-08-14,10:00:00,,,,1,320,1,,
237,Installatoin,2016-08-22,10:00:00,,,,1,320,1,,
238,Checking ,2016-08-15,10:00:00,,,,1,320,1,,
239,Filter replacement,2017-02-24,10:00:00,,,,1,321,1,,
240,Filter replacement,2016-11-25,10:00:00,,,,1,321,1,,
241,Filter replacement,2018-02-13,10:00:00,,,,1,321,1,,
242,Installatoin,2016-08-25,10:00:00,,,,1,321,1,,
243,Checking ,2018-04-06,10:00:00,,,加WiFi,1,321,1,,
244,Urgent Repair,2017-03-01,10:00:00,,,,1,321,1,,
245,Checking ,2016-07-21,10:00:00,,,,1,321,1,,
246,Filter replacement,2017-08-14,10:00:00,,,,1,322,1,,
247,Filter replacement,2017-02-14,10:00:00,,,,1,322,1,,
248,Installatoin,2016-08-19,10:00:00,,,,1,322,1,,
249,Urgent Repair,2016-10-05,10:00:00,,,,1,322,1,,
250,Urgent Repair,2016-08-24,10:00:00,,,,1,322,1,,
251,Filter replacement,2016-02-16,10:00:00,,,,1,323,1,,
252,Filter replacement,2017-08-11,10:00:00,,,,1,323,1,,
253,Installatoin,2016-08-24,10:00:00,,,,1,323,1,,
254,Checking ,2016-08-22,10:00:00,,,,1,323,1,,
255,Filter replacement,2017-02-17,10:00:00,,,,1,324,1,,
256,Filter replacement,2016-08-26,10:00:00,,,,1,324,1,,
257,Urgent Repair,2016-09-20,10:00:00,,,,1,324,1,,
258,Urgent Repair,2016-08-24,10:00:00,,,,1,324,1,,
259,Filter replacement,2017-03-08,10:00:00,,,,1,326,1,,
260,Filter replacement,2017-09-04,10:00:00,,,,1,326,1,,
261,Filter replacement,2018-03-19,10:00:00,,,,1,326,1,,
262,Installatoin,2016-09-05,10:00:00,,,,1,326,1,,
263,Filter replacement,2018-05-16,10:00:00,,,,1,327,1,,
264,Filter replacement,2018-06-08,10:00:00,,,,1,331,1,,
265,Filter replacement,2018-06-08,10:00:00,,,,1,331,1,,
266,Filter replacement,2018-06-08,10:00:00,,,,1,331,1,,
267,Filter replacement,2018-06-08,10:00:00,,,,1,331,1,,
268,Filter replacement,2018-06-08,10:00:00,,,,1,331,1,,
269,Filter replacement,2018-06-08,10:00:00,,,,1,331,1,,
270,Filter replacement,2018-06-08,10:00:00,,,,1,331,1,,
271,Filter replacement,2018-04-25,10:00:00,,,,1,335,1,,
272,Installatoin,2018-06-05,10:00:00,,,,1,339,1,,
273,Filter replacement,2018-04-10,10:00:00,,,,1,340,1,,
274,Filter replacement,2018-04-03,10:00:00,,,,1,342,1,,
275,Filter replacement,2018-05-10,10:00:00,,,,1,343,1,,
276,Filter replacement,2018-04-09,10:00:00,,,,1,346,1,,
277,Filter replacement,2018-04-04,10:00:00,,,,1,347,1,,
278,Filter replacement,2018-04-03,10:00:00,,,,1,349,1,,
279,Filter replacement,2018-04-26,10:00:00,,,,1,350,1,,
280,Filter replacement,2018-04-03,10:00:00,,,,1,351,1,,
281,Filter replacement,2018-04-09,10:00:00,,,,1,352,1,,
282,Filter replacement,2018-06-11,10:00:00,,,,1,355,1,,
283,Filter replacement,2018-05-25,10:00:00,,,,1,357,1,,
284,Filter replacement,2018-06-12,10:00:00,,,,1,359,1,,
285,Filter replacement,2018-05-04,10:00:00,,,,1,360,1,,
286,Filter replacement,2018-07-11,10:00:00,,,,1,361,1,,
287,Filter replacement,2018-07-04,10:00:00,,,,1,364,1,,
288,Filter replacement,2018-07-04,10:00:00,,,,1,364,1,,
289,Filter replacement,2018-07-12,10:00:00,,,,1,368,1,,
290,Filter replacement,2018-07-18,10:00:00,,,,1,369,1,,
291,Filter replacement,2018-04-17,10:00:00,,,,1,370,1,,
292,Filter replacement,2018-04-17,10:00:00,,,,1,370,1,,
293,Filter replacement,2018-04-17,10:00:00,,,,1,370,1,,
294,Filter replacement,2018-07-09,10:00:00,,,,1,371,1,,
295,Checking ,2018-04-13,10:00:00,出水慢,,,1,374,1,,
296,Filter replacement,2018-07-17,10:00:00,,,,1,375,1,,
297,Filter replacement,2018-05-07,10:00:00,,,,1,376,1,,
298,Checking ,2018-04-26,10:00:00,Pantry水機出水慢,,,1,381,1,,
299,Filter replacement,2018-08-06,10:00:00,,,,1,386,1,,
300,Filter replacement,2018-03-22,10:00:00,,,,1,388,1,,
301,Filter replacement,2018-08-07,10:00:00,,,,1,388,1,,
302,Filter replacement,2018-03-21,10:00:00,,,,1,390,1,,
303,Installatoin,2017-03-03,10:00:00,Installation,,,1,392,1,,
304,Filter replacement,2018-03-26,10:00:00,,,,1,395,1,,
305,Filter replacement,2018-04-12,10:00:00,,,,1,396,1,,
306,Filter replacement,2018-03-21,10:00:00,,,,1,397,1,,
307,Filter replacement,2018-03-21,10:00:00,,,,1,398,1,,
308,Filter replacement,2018-05-04,10:00:00,,,,1,400,1,,
309,Filter replacement,2018-04-10,10:00:00,,,,1,401,1,,
310,Filter replacement,2018-04-26,10:00:00,,,,1,402,1,,
311,Filter replacement,2018-06-01,10:00:00,,,,1,403,1,,
312,Filter replacement,2018-06-01,10:00:00,,,,1,403,1,,
313,Filter replacement,2018-06-01,10:00:00,,,,1,403,1,,
314,Filter replacement,2018-06-01,10:00:00,,,,1,403,1,,
315,Filter replacement,2018-04-13,10:00:00,,,,1,405,1,,
316,Filter replacement,2018-04-13,10:00:00,,,,1,408,1,,
317,Filter replacement,2018-04-09,10:00:00,,,,1,409,1,,
318,Filter replacement,2018-04-25,10:00:00,,,,1,411,1,,
319,Filter replacement,2018-04-27,10:00:00,,,,1,412,1,,
320,Filter replacement,2018-05-07,10:00:00,,,,1,415,1,,
321,Filter replacement,2017-12-07,10:00:00,,,,1,418,1,,
322,Filter replacement,2017-12-07,10:00:00,,,,1,418,1,,
323,Filter replacement,2017-12-07,10:00:00,,,,1,418,1,,
324,Filter replacement,2017-12-07,10:00:00,,,,1,418,1,,
325,Filter replacement,2017-12-07,10:00:00,,,,1,418,1,,
326,Filter replacement,2017-12-07,10:00:00,,,,1,418,1,,
327,Filter replacement,2017-12-07,10:00:00,,,,1,418,1,,
328,Filter replacement,2018-05-09,10:00:00,,,,1,420,1,,
329,Filter replacement,2018-08-07,10:00:00,,,,1,425,1,,
330,Filter replacement,2017-12-07,10:00:00,,,,1,428,1,,
331,Filter replacement,2018-04-27,10:00:00,,,,1,428,1,,
332,Filter replacement,2018-08-07,10:00:00,,,,1,428,1,,
333,Filter replacement,2018-05-02,10:00:00,,,,1,431,1,,
334,Filter replacement,2018-04-27,10:00:00,,,,1,436,1,,
335,Filter replacement,2018-04-27,10:00:00,,,,1,436,1,,
336,Filter replacement,2018-04-27,10:00:00,,,,1,436,1,,
337,Filter replacement,2018-06-12,10:00:00,,,,1,438,1,,
338,Filter replacement,2018-04-04,10:00:00,,,,1,442,1,,
339,Installatoin,2017-06-19,10:00:00,,,,1,452,1,,
340,Installatoin,2017-06-20,10:00:00,,,,1,454,1,,
341,Filter replacement,2018-05-09,10:00:00,,,,1,455,1,,
342,Filter replacement,2018-06-11,10:00:00,,,,1,455,1,,
343,Filter replacement,2018-08-07,10:00:00,,,,1,457,1,,
344,Filter replacement,2018-08-07,10:00:00,,,,1,457,1,,
345,Filter replacement,2018-07-24,10:00:00,,,,1,458,1,,
346,Filter replacement,2018-07-17,10:00:00,,,,1,460,1,,
347,Filter replacement,2018-07-13,10:00:00,,,,1,461,1,,
348,Filter replacement,2018-06-19,10:00:00,,,,1,462,1,,
349,Filter replacement,2018-07-09,10:00:00,,,,1,463,1,,
350,Filter replacement,2017-12-20,10:00:00,,,,1,464,1,,
351,Filter replacement,2018-06-05,10:00:00,,,,1,464,1,,
352,Installatoin,2017-06-22,10:00:00,,,,1,464,1,,
353,Filter replacement,2018-06-14,10:00:00,,,,1,465,1,,
354,Filter replacement,2018-06-14,10:00:00,,,,1,465,1,,
355,Filter replacement,2018-06-04,10:00:00,,,,1,466,1,,
356,Filter replacement,2018-06-05,10:00:00,,,,1,467,1,,
357,Filter replacement,2018-04-26,10:00:00,,,,1,468,1,,
358,Filter replacement,2018-04-26,10:00:00,,,,1,468,1,,
359,Filter replacement,2018-05-10,10:00:00,,,,1,469,1,,
360,Filter replacement,2018-05-04,10:00:00,,,,1,470,1,,
361,Filter replacement,2018-05-08,10:00:00,,,,1,471,1,,
362,Filter replacement,2018-05-07,10:00:00,,,,1,472,1,,
363,Filter replacement,2018-05-14,10:00:00,,,,1,474,1,,
364,Filter replacement,2018-05-14,10:00:00,,,,1,474,1,,
365,Filter replacement,2018-05-14,10:00:00,,,,1,474,1,,
366,Filter replacement,2018-05-09,10:00:00,,,,1,475,1,,
367,Filter replacement,2018-05-11,10:00:00,,,,1,476,1,,
368,Filter replacement,2018-05-10,10:00:00,,,,1,477,1,,
369,Filter replacement,2018-03-21,10:00:00,,,,1,478,1,,
370,Filter replacement,2018-03-26,10:00:00,,,,1,479,1,,
371,Installatoin,2017-09-07,10:00:00,,,,1,479,1,,
372,Filter replacement,2018-04-25,10:00:00,,,,1,480,1,,
373,Filter replacement,2018-04-03,10:00:00,,,,1,482,1,,
374,Filter replacement,2018-03-21,10:00:00,,,,1,483,1,,
375,Filter replacement,2018-04-06,10:00:00,,,,1,485,1,,
376,Filter replacement,2018-03-26,10:00:00,,,,1,486,1,,
377,Checking ,2018-04-11,10:00:00,無熱水,,,1,490,1,,
378,Installatoin,2019-08-06,10:00:00,,,,1,607,2,,
379,Installatoin,2019-08-06,10:00:00,,,,1,612,2,,
380,Filter replacement,2019-08-07,10:00:00,,,,1,204,3,,
381,Filter replacement,2019-08-07,11:00:00,,,,1,206,3,,
382,Filter replacement,2019-08-07,11:00:00,,,,1,205,3,,
383,Filter replacement,2019-08-07,02:00:00,,,,1,31,3,,
384,Filter replacement,2019-08-07,03:00:00,,,,1,383,3,,
385,Filter replacement,2019-08-06,10:00:00,,,,1,313,3,,
386,Filter replacement,2019-08-06,02:00:00,,,,1,312,3,,
387,Filter replacement,2019-08-06,11:00:00,,,,1,386,3,,
388,Filter replacement,2019-08-09,02:00:00,,,,1,193,3,,
389,Filter replacement,2019-08-09,02:00:00,,,,1,382,3,,
390,Filter replacement,2019-08-18,10:00:00,,,,1,317,3,,
391,Filter replacement,2019-08-13,10:00:00,,,,1,431,2,,
392,Filter replacement,2019-08-13,10:00:00,,,,1,79,2,,
393,Filter replacement,2019-08-13,10:00:00,,,,1,79,2,,
394,Filter replacement,2019-08-13,11:00:00,,,,1,384,2,,
395,Filter replacement,2019-08-13,02:00:00,,,,1,424,2,,
396,Filter replacement,2019-08-13,02:00:00,,,,1,13,2,,
397,Filter replacement,2019-08-13,02:00:00,,,,1,16,2,,
398,Filter replacement,2019-05-28,10:00:00,Replace sediment fitler,,Water is very dirty,1,84,3,,
399,Filter replacement,2019-04-09,10:00:00,,,,1,84,3,,
400,Installatoin,2018-10-29,10:00:00,,,,1,84,2,,
401,Filter replacement,2019-08-14,09:30:00,,,,1,207,2,,
402,Urgent Repair,2019-08-15,10:00:00,Water Leak,Filter O-Ring 有事,,1,207,2,,
403,Urgent Repair,2019-08-14,02:00:00,Low water flow,,,1,84,2,,
404,Filter replacement,2019-08-14,10:00:00,,,,1,622,2,,
405,Filter replacement,2019-08-14,02:00:00,,,,1,400,2,,
406,Filter replacement,2019-08-14,02:00:00,,,,1,574,2,,
407,Filter replacement,2019-08-14,03:00:00,,,,1,568,2,,
408,Filter replacement,2019-08-15,10:00:00,,,,1,257,3,,
409,Filter replacement,2019-08-15,11:00:00,,,,1,190,3,,
410,Filter replacement,2019-08-15,03:00:00,,,,1,129,3,,
411,Filter replacement,2019-08-15,02:00:00,,,,1,316,3,,
412,Filter replacement,2019-08-16,10:00:00,,,,1,575,2,,
413,Filter replacement,2019-08-16,02:00:00,,,,1,527,3,,
414,Filter replacement,2019-08-16,11:00:00,,,,1,290,3,,
415,Filter replacement,2019-08-16,11:00:00,,,,1,533,3,,
416,Urgent Repair,2019-08-16,02:00:00,,,控制室熱水安全制有問題,1,432,2,,
417,Urgent Repair,2019-08-15,10:00:00,,,漏水,1,207,2,,
418,Filter replacement,2019-08-15,10:00:00,,,,1,131,2,,
419,Filter replacement,2019-08-16,02:00:00,,,,1,261,2,,
420,Urgent Repair,2019-08-16,04:00:00,,,,1,605,2,,
421,Urgent Repair,2019-08-19,11:00:00,,,爛凍水制,1,414,2,,
422,Urgent Repair,2019-08-19,10:00:00,,,運動場對出水機換凍水制,1,418,2,,
423,Urgent Repair,2019-08-19,10:00:00,,,凍水唔凍,1,268,2,,
424,Filter replacement,2019-08-19,10:00:00,,,,1,137,3,,
425,Filter replacement,2019-08-19,03:00:00,,,,1,160,3,,
426,Filter replacement,2019-08-19,03:00:00,,,,1,526,3,,
427,Filter replacement,2019-08-19,02:00:00,,,,1,426,3,,
428,Filter replacement,2019-08-19,11:00:00,,,,1,457,3,,
429,Filter replacement,2019-08-20,10:00:00,,,,1,525,3,,
430,Filter replacement,2019-08-20,02:30:00,,,,1,392,3,,
431,Urgent Repair,2019-08-20,02:00:00,,,爛熱水制,1,396,3,,
432,Urgent Repair,2019-08-20,11:00:00,,,Pantry水機換左第1支Filter,1,536,3,,
433,Filter replacement,2019-08-21,10:00:00,,,,1,356,2,,
434,Filter replacement,2019-08-21,11:00:00,,,,1,535,2,,
435,Filter replacement,2019-08-21,02:00:00,,,,1,325,2,,
436,Filter replacement,2019-08-21,02:00:00,,,,1,210,3,,
437,Urgent Repair,2019-08-22,03:00:00,,,第一支芯塞,1,566,3,,
438,Urgent Repair,2019-08-22,02:00:00,,,凍水唔凍,1,89,2,,
439,Urgent Repair,2019-08-22,04:00:00,,,喉爆漏水,1,401,3,,
440,Installatoin,2019-08-22,10:00:00,,,,1,623,3,,
441,Urgent Repair,2019-08-23,11:00:00,,,凍水唔凍,1,122,2,,
442,Filter replacement,2019-08-23,11:00:00,,,,1,134,2,,
443,Filter replacement,2019-08-23,11:00:00,,,,1,133,2,,
444,Filter replacement,2019-08-23,03:00:00,,,,1,425,3,,
445,Filter replacement,2019-08-23,10:00:00,,,,1,419,3,,
446,Filter replacement,2019-08-23,10:00:00,,,,1,191,3,,
447,Filter replacement,2019-08-28,10:00:00,,,,1,73,2,,
448,Urgent Repair,2019-08-28,02:00:00,,,,1,322,1,,
449,Filter replacement,2019-09-05,10:00:00,,,,1,321,3,,
450,Filter replacement,2019-08-29,12:00:00,,,,1,74,2,,
451,Filter replacement,2019-08-29,11:00:00,,,,1,428,2,,
452,Urgent Repair,2019-08-28,11:00:00,,,Nano塞,1,590,2,,
453,Urgent Repair,2019-08-29,02:00:00,,,"出水慢, 有怪味",1,522,2,,
454,Filter replacement,2019-08-28,10:00:00,,,,1,627,2,,
455,Urgent Repair,2019-08-30,11:00:00,,,無熱水,1,371,2,,
456,Filter replacement,2019-09-02,10:00:00,,,,1,484,3,,
457,Filter replacement,2019-09-04,03:00:00,,,,1,625,3,,
458,Filter replacement,2019-09-02,11:00:00,,,,1,483,3,,
459,Filter replacement,2019-09-02,11:00:00,,,,1,587,3,,
460,Urgent Repair,2019-08-30,03:00:00,,,機底漏水,1,428,2,,
461,Filter replacement,2019-09-02,10:00:00,,,,1,334,2,,
462,Installatoin,2019-08-19,02:00:00,,,,1,628,2,,
463,Urgent Repair,2019-09-02,12:00:00,,,熱水紅色燈冇著,1,628,2,,
464,Installatoin,2019-09-02,02:00:00,,,收走一部WPU8200C,1,282,2,,
465,Filter replacement,2019-09-02,04:00:00,,,漏水,1,268,2,,
466,Filter replacement,2019-09-02,11:00:00,,,,1,585,2,,
467,Filter replacement,2019-09-03,10:00:00,,,無水,1,216,2,,
468,Filter replacement,2019-09-03,10:30:00,,,,1,217,2,,
469,Filter replacement,2019-09-03,10:00:00,,,,1,330,2,,
470,Filter replacement,2019-09-03,10:00:00,,,,1,434,3,,
471,Urgent Repair,2019-09-03,02:00:00,,,換機,1,628,2,,
472,Filter replacement,2019-09-03,03:00:00,,,,1,214,3,,
473,Urgent Repair,2019-09-03,03:00:00,,,"已入雪種, 送回水機",1,89,3,,
474,Filter replacement,2019-09-04,02:00:00,,,,1,571,3,,
475,Filter replacement,2019-09-04,10:00:00,,,,1,547,2,,
476,Filter replacement,2019-09-04,10:00:00,,,,1,332,2,,
477,Filter replacement,2019-09-05,10:00:00,,,,1,418,3,,
478,Filter replacement,2019-09-05,10:00:00,,,,1,337,2,,
479,Filter replacement,2019-09-05,02:00:00,,,,1,569,3,,
480,Filter replacement,2019-09-05,11:00:00,,,,1,211,2,,
481,Filter replacement,2019-09-04,11:00:00,,,,1,626,3,,
482,Filter replacement,2019-09-05,03:00:00,,,,1,486,3,,
483,Filter replacement,2019-09-05,02:00:00,,,,1,29,2,,
484,Filter replacement,2019-09-04,03:00:00,,,,1,545,3,,
485,Filter replacement,2019-09-05,02:00:00,,,,1,166,2,,
486,Filter replacement,2019-09-05,02:00:00,,,,1,479,2,,
487,Filter replacement,2019-09-04,06:30:00,,,,1,197,1,,
488,Filter replacement,2019-09-06,10:00:00,,,,1,540,3,,
489,Filter replacement,2019-09-06,02:00:00,,,,1,82,3,,
490,Filter replacement,2019-09-09,10:00:00,,,,1,219,3,,
491,Filter replacement,2019-09-09,11:00:00,,,,1,488,3,,
492,Filter replacement,2019-09-06,10:00:00,,,,1,78,2,,
493,Filter replacement,2019-09-09,10:00:00,,,,1,220,2,,
494,Filter replacement,2019-09-25,10:00:00,,,,1,146,2,,
495,Filter replacement,2019-09-10,10:00:00,,,,1,34,3,,
496,Filter replacement,2019-09-10,11:00:00,,,,1,208,3,,
497,Filter replacement,2019-09-11,11:00:00,,,,1,544,2,,
498,Filter replacement,2019-09-10,02:00:00,,,,1,199,3,,
499,Filter replacement,2019-09-10,03:00:00,,,,1,420,3,,
500,Filter replacement,2019-09-10,10:00:00,,,,1,38,3,,
501,Installatoin,2019-09-12,11:00:00,,,,1,629,2,,
502,Filter replacement,2019-09-11,10:00:00,,,,1,90,3,,
503,Filter replacement,2019-09-11,11:00:00,,,,1,30,3,,
504,Filter replacement,2019-09-11,12:00:00,,,,1,12,3,,
505,Filter replacement,2019-09-11,01:00:00,,,,1,336,3,,
506,Filter replacement,2019-09-11,02:00:00,,,,1,570,3,,
507,Filter replacement,2019-09-12,02:00:00,,,,1,138,3,,
508,Filter replacement,2019-09-12,02:00:00,,,,1,43,3,,
509,Urgent Repair,2019-09-11,02:00:00,,,機背曲漏水,1,219,2,,
510,Installatoin,2019-09-11,02:00:00,,,,1,630,2,,
511,Filter replacement,2019-09-13,10:00:00,,,,1,33,2,,
512,Filter replacement,2019-09-16,04:00:00,,,,1,269,3,,
513,Filter replacement,2019-09-12,10:00:00,,,,1,218,2,,
514,Filter replacement,2019-09-16,09:30:00,,,,1,543,3,,
515,Urgent Repair,2019-09-17,10:00:00,,,凍水唔夠凍,1,414,2,,
516,Filter replacement,2019-09-17,10:00:00,,,,1,468,3,,
517,Urgent Repair,2019-09-17,03:00:00,,,冇熱水出,1,483,2,,
518,Urgent Repair,2019-09-17,03:00:00,,,熱水機溫度唔用,1,390,2,,
519,Filter replacement,2019-09-17,02:00:00,,,,1,86,3,,
520,Filter replacement,2019-09-17,02:00:00,,,,1,87,3,,
521,Checking ,2019-09-17,02:00:00,,,Site Check,1,105,2,,
522,Filter replacement,2019-09-17,10:00:00,,,,1,573,3,,
523,Filter replacement,2019-09-17,10:00:00,,,,1,618,3,,
524,Filter replacement,2019-09-17,10:00:00,,,,1,617,3,,
525,Filter replacement,2019-09-19,10:00:00,,,,1,362,3,,
526,Urgent Repair,2019-09-19,11:00:00,,,,1,20,2,,
527,Filter replacement,2019-09-19,10:30:00,,,,1,489,3,,
528,Filter replacement,2019-09-20,12:00:00,,,,1,394,3,,
529,Filter replacement,2019-09-19,11:00:00,,,12點前到,1,389,3,,
530,Urgent Repair,2019-09-19,02:00:00,,,凍水唔凍,1,232,2,,
531,Filter replacement,2019-09-19,03:00:00,,,"Location : 5/F, 到左搵工程部梁生",1,28,3,,
532,Filter replacement,2019-09-19,03:00:00,,,"Location : 2/F Nursing Room, 到左搵工程部梁生",1,318,3,,
533,Filter replacement,2019-09-19,02:00:00,,,,1,542,3,,
534,Urgent Repair,2019-09-19,02:00:00,,,更換熱水安全制,1,218,2,,
535,Urgent Repair,2019-09-19,03:00:00,,,凍水制爛,1,396,2,,
536,Installatoin,2019-09-23,10:00:00,,,Re-connection,1,105,2,,
537,Filter replacement,2019-09-20,10:00:00,,,,1,21,2,,
538,Urgent Repair,2019-09-20,11:30:00,,,5/F學生飲水機凍水制冇反應,1,622,2,,
539,Filter replacement,2019-09-20,10:00:00,,,,1,333,3,,
540,Filter replacement,2019-09-20,11:00:00,,,,1,224,3,,
541,Installatoin,2019-09-19,10:00:00,,,,1,632,2,,
543,Urgent Repair,2019-09-20,02:00:00,,,有時撳唔到熱水,1,255,3,,
545,Filter replacement,2019-09-20,03:00:00,,,,1,272,3,,
548,Filter replacement,2019-09-20,12:00:00,,,,1,374,2,,
551,Filter replacement,2019-09-23,06:45:00,,,,1,226,3,,
553,Urgent Repair,2019-09-23,04:00:00,,,入完雪種送回水機,1,414,2,,
554,Urgent Repair,2019-09-23,12:00:00,,,入完雪種送回水機,1,232,2,,
555,Urgent Repair,2019-09-24,11:00:00,,,熱水出水滴滴下,1,572,2,,
582,Urgent Repair,2019-09-24,02:00:00,,,3/F會所熱水係咁滴,1,436,2,,
610,Filter replacement,2019-09-25,10:00:00,,,,1,619,3,,
612,Filter replacement,2019-09-25,11:00:00,,,,1,397,3,,
613,Filter replacement,2019-09-25,02:00:00,,,,1,624,3,,
614,Filter replacement,2019-09-25,11:00:00,,,,1,140,2,,
615,Filter replacement,2019-09-26,02:00:00,,,,1,437,3,,
616,Installation,2019-09-26,10:30:00,,,重新接駁水機,1,541,3,,
618,Filter replacement,2019-09-26,10:30:00,,,,1,541,3,,
619,Filter replacement,2019-09-26,12:00:00,,,,1,326,3,,
621,Urgent Repair,2019-09-26,02:00:00,,,爛凍水制,1,472,3,,
622,Urgent Repair,2019-09-25,02:00:00,,,爛熱水制,1,498,3,,
624,Filter replacement,2019-09-30,02:00:00,,,,1,252,3,,
625,Installation,2019-09-30,10:00:00,,,,1,634,2,,
626,Filter replacement,2019-10-02,02:00:00,,,,0,31,3,,
627,Filter replacement,2019-10-03,10:00:00,,,,1,635,3,,
628,Filter replacement,2019-10-03,10:00:00,,,,1,238,3,,
629,Filter replacement,2019-10-03,11:00:00,,,12點左右到,1,276,3,,
630,Filter replacement,2019-10-09,10:00:00,,,,1,636,3,,
631,Filter replacement,2019-10-03,02:00:00,,,,1,556,3,,
632,Installation,2019-09-05,10:00:00,,,,1,637,2,,
633,Urgent Repair,2019-09-30,02:00:00,,,漏水,1,637,2,,
634,Filter replacement,2019-10-03,03:00:00,,,,1,454,3,,
635,Filter replacement,2019-10-04,10:00:00,,,,1,244,3,,
636,Filter replacement,2019-10-04,10:00:00,,,,0,279,3,,
637,Filter replacement,2019-10-04,11:00:00,,,,1,347,3,,
638,Filter replacement,2019-10-04,02:00:00,,,,1,83,3,,
639,Filter replacement,2019-10-04,02:00:00,,,,1,45,3,,
640,Filter replacement,2019-10-04,03:00:00,,,"到前打俾孫小姐, Tel : 3555 6640",1,442,3,,
641,Filter replacement,2019-10-08,10:00:00,,,,1,237,3,,
642,Filter replacement,2019-10-08,10:00:00,,,,1,438,3,,
643,Urgent Repair,2019-10-08,02:00:00,,,爛熱水制,1,539,3,,
644,Filter replacement,2019-10-08,03:00:00,,,,1,480,3,,
645,Filter replacement,2019-10-08,03:00:00,,,,1,335,3,,
646,Installation,2019-10-08,10:00:00,,,,0,152,2,,
647,Filter replacement,2019-10-08,10:00:00,,,,1,152,2,,
648,Filter replacement,2019-10-10,10:00:00,,,,1,233,2,,
649,Filter replacement,2019-10-10,02:00:00,,,,1,240,2,,
650,Installation,2019-10-10,02:00:00,,,,1,638,2,,
651,Filter replacement,2019-10-10,02:00:00,,,,1,231,2,,
652,Urgent Repair,2019-10-11,10:00:00,tube broken,,,1,297,2,,
653,Filter replacement,2019-10-14,01:00:00,,,,1,350,2,,
654,Filter replacement,2019-10-15,11:00:00,,,,0,409,3,,
655,Filter replacement,2019-10-15,11:00:00,,,,1,549,3,,
656,Filter replacement,2019-10-15,12:00:00,,,,1,229,3,,
658,Filter replacement,2019-10-15,02:00:00,,,"到控制室登記, 水機係1/F育嬰室",1,557,3,,
659,Filter replacement,2019-10-15,10:00:00,,,,1,151,2,,
660,Urgent Repair,2019-10-15,11:00:00,,,熱水制有問題,1,165,2,,
661,Urgent Repair,2019-10-15,11:00:00,,,Gym Room水機熱水制有問題,1,418,2,,
662,Filter replacement,2019-10-15,02:00:00,,,3/F 會所,1,553,2,,
664,Filter replacement,2019-10-15,02:00:00,,,,1,411,3,,
665,Filter replacement,2019-10-16,02:00:00,,,,1,92,3,,
666,Filter replacement,2019-10-16,04:00:00,,,,1,349,3,,
667,Filter replacement,2019-10-16,02:00:00,,,,1,346,3,,
668,Filter replacement,2019-10-16,04:00:00,,,,1,412,2,,
670,Filter replacement,2019-10-17,10:00:00,,,,1,150,3,,
671,Filter replacement,2019-10-17,10:00:00,,,,1,18,3,,
672,Filter replacement,2019-10-17,11:00:00,,,,1,274,3,,
673,Filter replacement,2019-10-17,02:00:00,,,,1,342,3,,
674,Filter replacement,2019-10-18,11:00:00,,,,1,490,3,,
675,Urgent Repair,2019-10-18,10:00:00,,,熱水出得唔順,1,247,3,,
676,Filter replacement,2019-10-18,02:00:00,,,,1,232,3,,
677,Urgent Repair,2019-10-17,04:00:00,,,Gym Room熱水制爛,1,419,2,,
678,Filter replacement,2019-10-17,06:30:00,,,,1,93,2,,
679,Filter replacement,2019-10-21,02:00:00,,,,1,588,3,,
680,Filter replacement,2019-10-18,03:00:00,,,,1,280,3,,
681,Installation,2019-10-18,10:00:00,,,"到搵鍾小姐, TEL : 6032 2599 
去囍匯拆搬去馬鞍山裝",1,406,2,,
682,Filter replacement,2019-10-18,10:00:00,,,,1,406,2,,
683,Urgent Repair,2019-10-18,03:00:00,,,熱水制好難撳,1,227,2,,
684,Urgent Repair,2019-10-21,02:00:00,,,爛凍水制爛,1,316,2,,
685,Filter replacement,2019-10-21,10:00:00,,,,1,340,3,,
686,Filter replacement,2019-10-21,10:00:00,,,楊太電話 9385 9759,1,401,3,,
687,Filter replacement,2019-10-21,11:00:00,,,,1,147,3,,
688,Filter replacement,2019-10-21,03:00:00,,,Location : 1/F,1,447,3,,
689,Filter replacement,2019-10-21,06:00:00,,,,1,99,3,,
690,Installation,2019-10-22,10:00:00,,,,1,639,3,,
691,Filter replacement,2019-10-22,02:00:00,,,,1,234,3,,
692,Filter replacement,2019-10-22,02:00:00,,,,1,558,3,,
693,Filter replacement,2019-10-22,03:00:00,,,,1,407,3,,
694,Filter replacement,2019-10-22,02:00:00,,,,1,550,2,,
695,Filter replacement,2019-10-23,10:00:00,,,,1,482,3,,
696,Filter replacement,2019-10-23,11:00:00,,,,1,554,2,,
697,Filter replacement,2019-10-23,11:00:00,,,,1,352,2,,
698,Filter replacement,2019-10-23,02:00:00,,,,1,291,2,,
699,Filter replacement,2019-10-23,10:00:00,,,,1,463,3,,
700,Filter replacement,2019-10-23,10:00:00,,,,1,402,3,,
701,Filter replacement,2019-10-23,02:00:00,,,,1,84,3,,
702,Filter replacement,2019-10-23,03:00:00,,,,1,91,3,,
703,Filter replacement,2019-10-24,10:00:00,,,,1,552,3,,
704,Filter replacement,2019-10-22,02:00:00,,,,1,548,3,,
705,Filter replacement,2019-10-24,10:00:00,,,,1,493,2,,
706,Filter replacement,2019-10-24,02:00:00,,,,1,351,3,,
707,Filter replacement,2019-10-25,11:00:00,,,,1,589,3,,
708,Urgent Repair,2019-10-29,11:00:00,,,更換熱水安全制,1,35,2,,
709,Urgent Repair,2019-10-29,10:00:00,,,機背漏水,1,232,3,,
710,Filter replacement,2019-10-29,11:00:00,,,,0,236,3,,
712,Filter replacement,2019-11-01,10:00:00,,,,1,285,3,,
713,Filter replacement,2019-11-01,10:00:00,,,,1,471,3,,
714,Filter replacement,2019-11-01,11:00:00,,,,1,496,3,,
715,Filter replacement,2019-11-01,11:00:00,,,,1,470,3,,
716,Filter replacement,2019-11-01,11:00:00,,,,1,289,3,,
717,Filter replacement,2019-11-01,02:00:00,,,,1,429,3,,
718,Filter replacement,2019-11-01,02:00:00,,,,1,620,3,,
720,Filter replacement,2019-11-04,10:00:00,,,,1,474,3,,
721,Filter replacement,2019-11-04,01:00:00,,,,1,593,3,,
722,Filter replacement,2019-11-04,02:00:00,,,,1,566,3,,
723,Filter replacement,2019-10-31,02:00:00,,,,1,275,2,,
725,Filter replacement,2019-10-31,10:00:00,,,,1,640,2,,
726,Filter replacement,2019-11-05,10:00:00,,,,1,562,3,,
727,Filter replacement,2019-11-05,11:00:00,,,,1,472,3,,
728,Filter replacement,2019-11-05,12:00:00,,,,1,469,3,,
729,Filter replacement,2019-11-05,03:00:00,,,,1,477,3,,
730,Filter replacement,2019-11-06,10:00:00,,,,1,440,3,,
731,Filter replacement,2019-11-05,12:00:00,,,,1,476,3,,
732,Filter replacement,2019-11-06,07:30:00,,,,1,592,3,,
733,Filter replacement,2019-11-06,02:00:00,,,,1,251,3,,
735,Filter replacement,2019-11-11,12:00:00,,,,1,283,3,,
736,Filter replacement,2019-11-11,02:00:00,,,,1,165,3,,
738,Filter replacement,2019-11-06,10:00:00,,,,1,494,3,,
739,Filter replacement,2019-11-04,02:00:00,,,,1,253,3,,
740,Filter replacement,2019-11-08,10:00:00,,,,1,475,3,,
741,Filter replacement,2019-11-08,10:00:00,,,,1,281,3,,
742,Filter replacement,2019-11-08,12:30:00,,,,1,597,3,,
743,Urgent Repair,2019-11-13,10:00:00,,,,0,1,2,,
744,Filter replacement,2019-11-13,12:00:00,,,,0,327,2,,
746,Urgent Repair,2019-11-13,08:30:00,,,,1,518,2,,
747,Filter replacement,2019-11-14,10:00:00,,,,1,560,3,,
748,Filter replacement,2019-11-14,10:00:00,,,,1,559,3,,
749,Filter replacement,2019-11-14,02:00:00,,,,1,561,3,,
751,Filter replacement,2019-11-15,10:00:00,,,,1,594,3,,
752,Installation,2019-11-19,10:00:00,,,,1,641,3,,
753,Filter replacement,2019-11-21,11:00:00,,,,1,414,2,,
754,Filter replacement,2019-11-21,10:00:00,,,,1,158,2,,
755,Filter replacement,2019-11-21,10:00:00,,,,1,155,2,,
756,Filter replacement,2019-11-22,10:00:00,,,,1,162,3,,
757,Filter replacement,2019-11-22,04:00:00,,,,1,159,3,,
758,Filter replacement,2019-11-25,03:00:00,,,,1,498,3,,
759,Filter replacement,2019-11-26,02:00:00,,,,1,591,2,,
760,Filter replacement,2019-11-26,02:00:00,,,,1,497,2,,
761,Filter replacement,2019-11-25,10:00:00,,,,1,55,2,,
762,Filter replacement,2019-11-25,10:00:00,,,,1,357,2,,
763,Filter replacement,2019-11-25,11:00:00,,,,1,322,2,,
765,Filter replacement,2019-11-25,01:00:00,,,,1,528,2,,
766,Filter replacement,2019-11-25,01:00:00,,,,1,100,2,,
767,Urgent Repair,2019-11-25,11:00:00,,,熱水冇燈,1,554,2,,
768,Filter replacement,2019-11-26,10:00:00,,,,1,227,3,,
769,Filter replacement,2019-11-26,03:00:00,,,,1,292,3,,
770,Filter replacement,2019-11-26,10:00:00,,,,1,533,3,,
771,Filter replacement,2019-11-26,03:00:00,,,,1,495,3,,
772,Filter replacement,2019-11-27,10:00:00,,,,1,102,3,,
773,Filter replacement,2019-11-27,10:00:00,,,,1,564,3,,
774,Filter replacement,2019-11-27,10:00:00,,,,1,563,2,,
775,Filter replacement,2019-11-27,10:00:00,,,,1,343,2,,
776,Filter replacement,2019-11-27,11:00:00,,,,1,24,2,,
777,Urgent Repair,2019-11-27,11:00:00,,,滴水,1,175,2,,
778,Filter replacement,2019-11-27,04:00:00,,,,1,161,2,,
779,Filter replacement,2019-11-28,11:00:00,,,,1,596,3,,
780,Filter replacement,2019-12-04,04:00:00,,,到前致電鄧太 Tel : 9879 0138,1,154,3,,
781,Filter replacement,2019-11-27,03:00:00,,,,1,10,2,,
782,Filter replacement,2019-11-27,02:00:00,,,,1,376,3,,
783,Urgent Repair,2019-11-29,11:00:00,,,撳完熱水有水繼續滴,1,137,3,,
784,Installation,2019-11-29,02:00:00,,,,1,643,2,,
785,Filter replacement,2019-11-29,10:00:00,,,,1,163,2,,
786,Filter replacement,2019-11-29,10:00:00,,,,1,156,2,,
787,Urgent Repair,2019-11-29,03:00:00,,,水龍頭漏水,1,175,2,,
788,Urgent Repair,2019-12-02,10:00:00,,,熱水制有問題,1,349,3,,
789,Urgent Repair,2019-12-02,10:00:00,,,機底漏水,1,643,2,,
790,Filter replacement,2019-12-03,10:00:00,,,,1,644,3,,
791,Filter replacement,2019-12-03,02:00:00,,,,1,466,3,,
792,Filter replacement,2019-12-03,02:00:00,,,,1,464,3,,
793,Filter replacement,2019-12-03,10:00:00,,,,1,455,3,,
794,Filter replacement,2019-12-04,10:00:00,,,,1,503,3,,
795,Urgent Repair,2019-12-04,10:00:00,,,"收回1部COWAY CHP340維修, 暫借1部WPU2800",1,55,2,,
796,Filter replacement,2019-12-04,11:00:00,,,,1,300,2,,
797,Filter replacement,2019-12-05,10:00:00,,,"泳池, 運動場對出, GYM ROOM, 餐廳, 員工休息室, 多用途宴會廳對出, OFFICE",1,418,2,,
798,Filter replacement,2019-12-05,02:00:00,,,,1,504,2,,
799,Installation,2019-12-05,10:00:00,,,,1,645,3,,
800,Filter replacement,2019-12-05,02:00:00,,,,1,614,3,,
801,Filter replacement,2019-12-06,10:00:00,,,,1,302,3,,
802,Filter replacement,2019-12-06,10:00:00,,,,1,301,3,,
803,Filter replacement,2019-12-06,11:00:00,,,,1,63,3,,
804,Filter replacement,2019-12-06,11:00:00,,,,1,505,3,,
805,Filter replacement,2019-12-06,02:00:00,,,,1,457,3,,
806,Filter replacement,2019-12-06,03:00:00,,,,1,252,3,,
807,Filter replacement,2019-12-05,11:00:00,,,,1,582,2,,
808,Filter replacement,2019-12-12,10:00:00,,,,1,581,3,,
809,Filter replacement,2019-12-09,02:00:00,,,,1,601,3,,
810,Urgent Repair,2019-12-09,10:00:00,,,,1,12,2,,
811,Urgent Repair,2019-12-09,02:00:00,,,冇熱水,1,371,2,,
812,Filter replacement,2019-12-10,02:00:00,,,,1,295,3,,
813,Filter replacement,2019-12-10,10:00:00,,,,1,255,3,,
814,Filter replacement,2019-12-10,11:00:00,,,,1,366,3,,
815,Filter replacement,2019-12-10,12:00:00,,,,1,167,3,,
816,Filter replacement,2019-12-10,03:00:00,,,,1,106,3,,
817,Filter replacement,2019-12-12,02:00:00,,,,1,107,3,,
818,Filter replacement,2019-12-12,03:00:00,,,,1,603,3,,
819,Filter replacement,2019-12-12,04:00:00,,,,1,105,3,,
821,Filter replacement,2019-12-11,10:00:00,,,,1,467,3,,
822,Filter replacement,2019-12-11,10:00:00,,,,1,109,3,,
823,Filter replacement,2019-12-11,03:00:00,,,,1,306,2,,
824,Filter replacement,2019-12-11,05:00:00,,,,1,605,2,,
825,Filter replacement,2019-12-11,02:00:00,,,,1,254,2,,
826,Filter replacement,2019-12-11,03:00:00,,,常溫同凍水燈係咁閃,1,599,3,,
827,Filter replacement,2019-12-17,10:00:00,,,,1,307,3,,
828,Urgent Repair,2019-12-12,02:00:00,,,出水口有問題,1,193,2,,
829,Urgent Repair,2019-12-13,10:00:00,,,"送回CHP340水機, 收回1部WPU2800",1,55,2,,
830,Filter replacement,2019-12-13,10:00:00,,,,1,501,3,,
831,Urgent Repair,2019-12-13,03:00:00,,,撳熱水 lock 掣閃,1,623,2,,
832,Filter replacement,2019-12-16,03:00:00,,,,1,507,3,,
833,Filter replacement,2019-12-17,03:00:00,,,,1,646,3,,
835,Filter replacement,2019-12-17,09:30:00,,,,1,17,2,,
836,Filter replacement,2019-12-17,11:00:00,,,,1,621,3,,
837,Filter replacement,2019-12-17,03:00:00,,,,1,584,3,,
838,Filter replacement,2019-12-16,03:00:00,,,,1,355,3,,
839,Filter replacement,2019-12-17,02:00:00,,,,1,298,2,,
840,Filter replacement,2019-12-18,10:00:00,,,,1,39,3,,
841,Filter replacement,2019-12-19,02:00:00,,,,1,34,3,,
842,Filter replacement,2019-12-19,11:30:00,,,,1,13,3,,
843,Urgent Repair,2019-12-20,10:00:00,,,撳完熱水有水繼續滴,1,137,2,,
844,Filter replacement,2019-12-20,11:00:00,,,,1,303,2,,
845,Filter replacement,2019-12-23,11:00:00,,,,1,500,3,,
846,Filter replacement,2019-12-23,02:00:00,,,,1,567,3,,
847,Filter replacement,2019-12-23,02:00:00,,,,0,583,3,,
848,Filter replacement,2019-12-23,03:00:00,,,,1,568,3,,
849,Filter replacement,2019-12-24,10:00:00,,,,1,604,3,,
850,Filter replacement,2019-12-24,02:00:00,,,,1,392,3,,
851,Urgent Repair,2019-12-24,11:00:00,,,熱水制爛,1,73,3,,
852,Filter replacement,2019-12-24,03:00:00,,,到前致電6761 4238 / 9781 7990,1,297,3,,
853,Filter replacement,2019-12-31,10:00:00,,,,1,508,3,,
854,Filter replacement,2019-12-27,11:00:00,,,,1,428,3,,
855,Filter replacement,2019-12-27,10:00:00,,,"泳池, OFFICE, 工程部, 會所5/F, GYM ROOM, 2/F",1,419,3,,
856,Filter replacement,2019-12-31,11:00:00,,,,1,108,3,,
857,Filter replacement,2019-12-31,11:00:00,,,WPU 8200F熱水安全制有問題,1,127,3,,
858,Filter replacement,2019-12-31,02:00:00,,,,1,35,3,,
859,Filter replacement,2019-12-31,03:00:00,,,,1,122,3,,
860,Filter replacement,2020-01-02,11:00:00,,,,1,511,3,,
861,Filter replacement,2020-01-08,10:00:00,,,,1,371,3,,
862,Filter replacement,2020-01-02,02:00:00,,,,1,256,3,,
863,Filter replacement,2020-01-02,03:00:00,,,,1,126,3,,
864,Filter replacement,2020-01-03,10:00:00,,,熱水安全制有問題,1,171,3,,
865,Filter replacement,2020-01-02,10:00:00,,,,1,460,2,,
866,Urgent Repair,2020-01-02,10:00:00,,,凍水唔凍,1,494,2,,
867,Filter replacement,2020-01-03,02:00:00,,,,1,606,3,,
868,Filter replacement,2020-01-03,03:00:00,,,搵林小姐,1,174,3,,
869,Filter replacement,2020-01-03,02:00:00,,,,1,610,3,,
870,Filter replacement,2020-01-06,02:00:00,,,,1,459,2,,
871,Filter replacement,2020-01-03,03:00:00,,,,1,308,3,,
872,Filter replacement,2020-01-03,03:00:00,,,,1,462,2,,
873,Filter replacement,2020-01-06,10:00:00,,,,1,125,3,,
874,Filter replacement,2020-01-06,10:00:00,,,,1,260,3,,
875,Filter replacement,2020-01-06,10:00:00,,,,1,266,2,,
876,Filter replacement,2020-01-06,11:00:00,,,,1,468,3,,
877,Filter replacement,2020-01-08,11:00:00,,,,1,510,2,,
878,Filter replacement,2020-01-08,11:00:00,,,,1,613,3,,
879,Filter replacement,2020-01-10,10:00:00,,,,1,311,3,,
880,Filter replacement,2020-01-10,10:00:00,,,,1,520,3,,
881,Filter replacement,2020-01-09,10:00:00,,,,1,513,2,,
882,Filter replacement,2020-01-09,10:00:00,,,,1,648,2,,
883,Filter replacement,2020-01-09,02:00:00,,,,1,514,3,,
884,Filter replacement,2020-01-09,10:00:00,,,,1,519,3,,
885,Filter replacement,2020-01-10,02:00:00,,,,1,309,3,,
886,Filter replacement,2020-01-10,03:00:00,,,,1,439,3,,
887,Filter replacement,2020-01-09,03:00:00,,,,1,522,2,,
888,Filter replacement,2020-01-10,03:00:00,,,,1,21,3,,
889,Filter replacement,2020-01-09,11:00:00,,,,1,257,2,,
890,Filter replacement,2020-01-09,04:00:00,,,,1,518,2,,
891,Filter replacement,2020-01-15,10:00:00,,,,1,516,3,,
892,Filter replacement,2020-01-13,10:00:00,,,,1,512,3,,
893,Filter replacement,2020-01-13,10:00:00,,,,1,263,3,,
894,Filter replacement,2020-01-13,11:00:00,,,,1,579,3,,
895,Filter replacement,2020-01-10,03:00:00,,,,1,608,3,,
896,Filter replacement,2020-01-10,02:00:00,,,,1,437,2,,
897,Filter replacement,2020-01-10,02:00:00,,,,1,437,2,,
898,Filter replacement,2020-01-10,02:00:00,,,,1,517,2,,
899,Filter replacement,2020-01-10,11:00:00,,,,1,578,2,,
900,Filter replacement,2020-01-09,03:00:00,,,,1,423,3,,
901,Urgent Repair,2020-01-13,02:00:00,,,"冇熱水, 紅燈閃, 到前致電梁小姐, TEL : 6195 1371, 完成後麻煩再致電梁小姐, 謝謝",1,637,3,,
902,Filter replacement,2020-01-13,10:00:00,,,,1,524,2,,
903,Filter replacement,2020-01-13,12:00:00,,,,1,521,2,,
904,Filter replacement,2020-01-14,02:00:00,,,Helper電話 : 9443 1153,1,649,3,,
905,Filter replacement,2020-01-14,11:00:00,,,,1,305,3,,
906,Filter replacement,2020-01-14,02:00:00,,,,1,458,3,,
907,Filter replacement,2020-01-14,02:00:00,,,,1,169,3,,
908,Filter replacement,2020-01-14,10:00:00,,,,1,179,2,,
909,Installation,2020-01-13,02:00:00,,,,1,650,2,,
910,Filter replacement,2020-01-15,02:00:00,,,去到搵葛小姐,1,375,2,,
911,Filter replacement,2020-01-15,10:00:00,,,,1,68,3,,
913,Filter replacement,2020-01-20,02:00:00,,,,1,577,3,,
914,Filter replacement,2020-01-15,02:00:00,,,,1,434,3,,
915,Filter replacement,2020-01-16,10:00:00,,,,1,576,2,,
916,Filter replacement,2020-01-20,10:00:00,,,,1,181,2,,
917,Filter replacement,2020-01-20,10:00:00,,,,1,123,2,,
918,Filter replacement,2020-01-20,10:00:00,,,,1,262,3,,
921,Filter replacement,2020-01-16,11:00:00,,,,1,118,3,,
922,Urgent Repair,2020-01-16,11:00:00,,,凍水制有問題,1,516,3,,
923,Installation,2020-01-16,10:00:00,,,,1,651,2,,
924,Filter replacement,2020-01-20,11:00:00,,,,1,124,2,,
925,Filter replacement,2020-01-22,10:00:00,,,,1,33,3,,
927,Filter replacement,2020-01-22,02:00:00,,,,1,635,3,,
928,Filter replacement,2020-01-21,10:00:00,,,,1,112,3,,
929,Filter replacement,2020-01-21,11:00:00,,,,1,120,3,,
930,Filter replacement,2020-01-21,11:00:00,,,,1,70,3,,
931,Filter replacement,2020-01-21,02:00:00,,,,1,377,3,,
932,Filter replacement,2020-01-22,04:00:00,,,,1,38,2,,
933,Filter replacement,2020-01-22,10:00:00,,,,1,184,2,,
934,Filter replacement,2020-01-22,02:00:00,,,,1,173,2,,
935,Urgent Repair,2020-01-22,03:00:00,,,"熱水唔熱, 冇紅燈",1,539,3,,
936,Filter replacement,2020-02-03,10:00:00,,,,1,388,3,,
937,Filter replacement,2020-01-23,10:00:00,,,,1,175,2,,
938,Filter replacement,2020-02-03,10:00:00,,,,1,207,2,,
939,Filter replacement,2020-02-03,10:00:00,,,,1,261,2,,
940,Filter replacement,2020-02-03,11:00:00,,,,0,193,2,,
941,Filter replacement,2020-02-03,12:00:00,,,,1,531,3,,
942,Filter replacement,2020-02-03,02:00:00,,,,1,252,3,,
943,Filter replacement,2020-02-03,03:00:00,,,,0,382,3,,
944,Filter replacement,2020-02-05,10:00:00,,,,1,313,2,,
945,Filter replacement,2020-02-05,10:00:00,,,,1,131,2,,
946,Filter replacement,2020-02-04,11:00:00,,,,1,77,3,,
947,Filter replacement,2020-02-06,10:00:00,,,,1,324,2,,
949,Checking,2020-01-31,10:00:00,,,無熱水,1,539,2,,
950,Filter replacement,2020-02-10,10:00:00,,,,1,391,3,,
951,Installation,2020-02-11,10:00:00,,,,1,652,2,,
952,Filter replacement,2020-02-10,02:00:00,,,,1,319,3,,
953,Filter replacement,2020-02-11,11:00:00,,,,1,528,2,,
954,Filter replacement,2020-02-11,11:00:00,,,,1,534,2,,
955,Filter replacement,2020-02-11,02:00:00,,,,1,615,3,,
956,Filter replacement,2020-02-12,01:00:00,,,,1,612,3,,
957,Filter replacement,2020-02-12,03:00:00,,,,1,529,3,,
958,Filter replacement,2020-02-12,02:00:00,,,,1,18,3,,
960,Filter replacement,2020-02-11,03:00:00,,,,1,195,3,,
961,Filter replacement,2020-02-14,11:00:00,,,,1,575,2,,
962,Filter replacement,2020-02-14,11:00:00,,,,1,9,2,,
963,Filter replacement,2020-02-14,12:00:00,,,,1,191,2,,
964,Filter replacement,2020-02-14,03:00:00,,,,1,525,2,,
966,Filter replacement,2020-02-12,10:00:00,,,,1,209,3,,
967,Filter replacement,2020-02-12,11:00:00,,,,1,100,3,,
968,Filter replacement,2020-02-12,11:00:00,,,,1,130,2,,
969,Filter replacement,2020-02-14,11:00:00,,,,1,533,3,,
970,Filter replacement,2020-02-14,11:00:00,,,,1,527,3,,
971,Filter replacement,2020-02-14,02:00:00,,,,1,74,2,,
972,Urgent Repair,2020-02-14,10:00:00,,,更換出水咀,1,84,3,,
973,Checking,2020-02-19,10:00:00,,,On site checking,1,522,2,,
974,Filter replacement,2020-02-17,11:00:00,,,,1,75,3,,
975,Filter replacement,2020-02-17,02:00:00,,,麻煩到前致電張小姐 Tel : 9548 2552,0,325,3,,
976,Installation,2020-02-14,10:00:00,,,,1,653,2,,
977,Filter replacement,2020-02-18,10:00:00,,,,1,23,3,,
978,Filter replacement,2020-02-18,10:00:00,,,,1,574,3,,
979,Filter replacement,2020-02-19,11:00:00,,,12點前到,1,129,3,,
980,Filter replacement,2020-02-18,11:00:00,,,"到前致電莊小姐, THANKS",1,230,3,,
981,Filter replacement,2020-02-18,02:00:00,,,,1,454,3,,
982,Filter replacement,2020-02-19,10:00:00,,,,1,654,3,,
983,Urgent Repair,2020-02-19,11:00:00,,,凍水唔凍,1,386,2,,
984,Filter replacement,2020-02-19,11:00:00,,,,1,356,2,,
985,Filter replacement,2020-02-21,10:00:00,,,,1,197,3,,
986,Filter replacement,2020-02-26,10:00:00,,,,1,160,3,,
987,Urgent Repair,2020-02-26,10:00:00,,,"收回1部WPU8260C返公司入雪種, 暫借1部WPU8200C",1,214,2,,
988,Filter replacement,2020-02-26,10:00:00,,,,1,438,3,,
989,Filter replacement,2020-02-25,11:00:00,,,,1,314,3,,
990,Filter replacement,2020-02-25,11:00:00,,,,1,586,3,,
991,Filter replacement,2020-02-28,10:00:00,,,,0,204,3,,
992,Filter replacement,2020-02-28,11:00:00,,,,0,205,3,,
994,Filter replacement,2020-02-28,11:00:00,,,,0,206,3,,
995,Filter replacement,2020-02-26,03:00:00,,,,1,655,3,,
996,Filter replacement,2020-02-28,10:00:00,,,,0,538,2,,
997,Filter replacement,2020-03-02,10:00:00,,,,1,429,3,,
998,Filter replacement,2020-03-02,11:00:00,,,,1,547,3,,
999,Filter replacement,2020-03-02,02:00:00,,,,1,587,3,,
1000,Filter replacement,2020-03-02,03:00:00,,,,1,571,3,,
1001,Filter replacement,2020-03-03,09:45:00,,,"送回1部WPU8260C, 收回1部WPU8200C",1,214,2,,
1002,Urgent Repair,2020-03-03,03:00:00,,,爛熱水制,1,151,1,,
1003,Filter replacement,2020-03-04,11:00:00,,,,1,102,3,,
1004,Filter replacement,2020-03-04,10:00:00,,,,1,337,3,,
1005,Filter replacement,2020-03-04,10:00:00,,,,1,337,3,,
1006,Filter replacement,2020-03-04,02:00:00,,,,1,398,3,,
1007,Urgent Repair,2020-03-03,03:00:00,,,漏水,1,627,1,,
1008,Filter replacement,2020-03-05,02:00:00,,,,1,394,3,,
1009,Filter replacement,2020-03-05,02:00:00,,,,1,389,3,,
1010,Filter replacement,2020-03-05,03:00:00,,,,1,489,3,,
1011,Filter replacement,2020-03-05,03:00:00,,,,1,267,3,,
1012,Filter replacement,2020-03-05,03:00:00,,,,1,624,3,,
1013,Urgent Repair,2020-03-06,11:00:00,,,Reconnect the water purifier,1,597,3,,
1014,Filter replacement,2020-03-06,10:00:00,,,,1,483,3,,
1015,Filter replacement,2020-03-06,02:00:00,,,,1,484,3,,
1016,Filter replacement,2020-03-06,02:00:00,,,,1,626,3,,
1017,Filter replacement,2020-03-05,10:00:00,,,,1,333,3,,
1018,Urgent Repair,2020-03-06,03:00:00,,,更換零件,1,564,3,,
1019,Filter replacement,2020-03-09,10:00:00,,,,1,30,3,,
1020,Filter replacement,2020-03-09,10:00:00,,,,1,90,3,,
1021,Filter replacement,2020-03-09,12:00:00,,,,1,12,3,,
1022,Filter replacement,2020-03-09,02:00:00,,,,1,211,3,,
1023,Filter replacement,2020-03-10,10:00:00,,,,1,632,3,,
1024,Filter replacement,2020-03-10,11:00:00,,,,1,479,3,,
1025,Filter replacement,2020-03-10,03:00:00,,,,1,397,3,,
1026,Filter replacement,2020-03-12,10:00:00,,,,1,24,2,,
1027,Filter replacement,2020-03-11,10:00:00,,,,1,617,3,,
1028,Filter replacement,2020-03-11,10:00:00,,,,1,618,3,,
1029,Filter replacement,2020-03-11,10:00:00,,,,1,572,3,,
1030,Filter replacement,2020-03-11,10:00:00,,,,1,573,3,,
1031,Filter replacement,2020-03-11,02:00:00,,,,1,224,3,,
1032,Filter replacement,2020-03-11,02:00:00,,,,1,86,3,,
1033,Filter replacement,2020-03-13,10:00:00,,,"到前致吳太, 電話 : 9581 3083",1,488,3,,
1034,Filter replacement,2020-03-13,10:00:00,,,,1,219,3,,
1035,Filter replacement,2020-03-13,12:00:00,,,,1,140,2,,
1036,Installation,2020-03-13,10:00:00,,,,1,656,2,,
1037,Filter replacement,2020-03-16,11:00:00,,,,1,542,3,,
1038,Filter replacement,2020-03-16,02:00:00,,,,1,87,3,,
1039,Urgent Repair,2020-03-17,03:00:00,,,爛熱水制,1,407,3,,
1040,Filter replacement,2020-03-17,11:00:00,,,,1,570,3,,
1041,Filter replacement,2020-03-17,02:00:00,,,,1,441,3,,
1042,Filter replacement,2020-03-17,10:00:00,,,,1,336,3,,
1043,Urgent Repair,2020-03-17,03:00:00,,,撳制有問題,1,18,3,,
1044,Filter replacement,2020-03-16,12:00:00,,,,0,453,1,,
1048,Filter replacement,2020-03-17,10:00:00,,,,1,544,2,,
1049,Filter replacement,2020-03-17,10:00:00,,,,1,544,2,,
1050,Filter replacement,2020-03-19,10:00:00,,,,1,418,3,,
1051,Filter replacement,2020-03-19,10:00:00,,,有外置FILTER,1,330,2,,
1052,Filter replacement,2020-03-19,11:00:00,,,凍水唔凍,1,216,2,,
1053,Filter replacement,2020-03-18,10:00:00,,,,1,633,3,,
1054,Filter replacement,2020-03-18,11:00:00,,,,1,82,3,,
1055,Filter replacement,2020-03-18,02:00:00,,,,1,208,3,,
1056,Filter replacement,2020-03-18,11:00:00,,,,1,218,3,,
1057,Filter replacement,2020-03-18,03:00:00,,,,1,272,3,,
1058,Filter replacement,2020-03-18,10:00:00,,,,1,541,3,,
1059,Filter replacement,2020-03-19,02:00:00,,,,1,146,3,,
1060,Filter replacement,2020-03-19,03:00:00,,,,1,486,3,,
1061,Filter replacement,2020-03-20,10:00:00,,,,1,540,3,,
1062,Filter replacement,2020-03-20,10:00:00,,,"到前致電李生(電話 : 3488 1632), 謝謝",1,637,3,,
1063,Urgent Repair,2020-03-23,10:00:00,,,,1,301,3,,
1064,Urgent Repair,2020-03-23,10:00:00,,,爛熱水制,1,414,2,,
1065,Filter replacement,2020-03-23,10:00:00,,,,1,539,3,,
1066,Filter replacement,2020-03-24,11:00:00,,,,1,282,2,,
1069,Filter replacement,2020-03-24,03:00:00,,,,1,166,2,,
1070,Urgent Repair,2020-03-23,02:00:00,,,漏水,1,240,2,,
1071,Urgent Repair,2020-03-23,03:00:00,,,熱水出o黎暖水,1,594,2,,
1072,Filter replacement,2020-03-27,10:00:00,,,,1,440,2,,
1073,Filter replacement,2020-03-25,10:00:00,,,有外置filter,1,362,3,,
1074,Filter replacement,2020-03-25,11:00:00,,,,1,138,3,,
1075,Filter replacement,2020-03-25,10:00:00,,,,1,543,2,,
1076,Filter replacement,2020-03-25,02:00:00,,,,1,634,3,,
1077,Filter replacement,2020-03-31,10:30:00,,,"到時打俾葉小姐, Tel : 9094 7254",1,217,2,,
1078,Filter replacement,2020-03-26,05:00:00,,,,1,226,3,,
1079,Filter replacement,2020-03-27,04:00:00,,,,1,268,2,,
1080,Filter replacement,2020-03-26,10:00:00,,,,1,34,3,,
1081,Filter replacement,2020-03-30,10:00:00,,,,1,619,3,,
1082,Filter replacement,2020-03-30,10:00:00,,,,1,29,2,,
1083,Filter replacement,2020-04-02,02:00:00,,,,1,13,2,,
1084,Filter replacement,2020-04-02,03:00:00,,,,1,447,2,,
1085,Filter replacement,2020-04-01,10:00:00,,,,1,252,3,,
1086,Filter replacement,2020-04-01,11:00:00,,,,1,91,3,,
1087,Filter replacement,2020-04-01,03:00:00,,,,1,457,3,,
1088,Filter replacement,2020-04-02,10:00:00,,,,1,399,3,,
1089,Filter replacement,2020-04-02,11:00:00,,,,1,402,3,,
1090,Filter replacement,2020-04-02,03:00:00,,,"到控制室登記, 水機係1/F育嬰室",1,557,3,,
1091,Filter replacement,2020-04-03,11:00:00,,,,1,233,3,,
1092,Filter replacement,2020-04-03,10:00:00,,,,1,419,3,,
1093,Filter replacement,2020-04-02,03:00:00,,,,1,290,3,,
1094,Filter replacement,2020-04-03,02:00:00,,,,1,428,3,,
1095,Urgent Repair,2020-04-03,10:00:00,,,"燈係咁閃, 出唔到水",1,444,2,,
1096,Filter replacement,2020-04-06,10:00:00,,,,1,558,3,,
1097,Filter replacement,2020-04-03,11:00:00,,,,1,350,2,,
1098,Filter replacement,2020-04-06,02:00:00,,,,1,234,3,,
1099,Filter replacement,2020-04-06,04:00:00,,,,1,349,3,,
1100,Urgent Repair,2020-04-06,02:00:00,,,換泵,1,360,3,,
1101,Urgent Repair,2020-04-06,10:00:00,,,到前致電: 9859 5576,1,595,2,,
1102,Filter replacement,2020-04-07,11:00:00,,,,0,236,3,,
1103,Filter replacement,2020-04-08,05:00:00,,,,1,412,2,,
1104,Filter replacement,2020-04-09,10:00:00,,,,1,244,3,,
1105,Filter replacement,2020-04-08,02:00:00,,,,1,346,3,,
1106,Filter replacement,2020-04-08,03:00:00,,,,1,482,3,,
1107,Filter replacement,2020-04-08,10:00:00,,,,1,112,3,,
1108,Filter replacement,2020-04-09,02:00:00,,,,1,351,3,,
1109,Filter replacement,2020-04-09,10:00:00,,,,1,279,3,,
1110,Filter replacement,2020-04-08,03:00:00,,,,1,589,3,,
1111,Installation,2020-04-07,10:00:00,,,,1,657,3,,
1112,Filter replacement,2020-04-09,11:00:00,,,,1,280,3,,
1113,Urgent Repair,2020-04-09,02:00:00,,,,1,548,2,,
1114,Filter replacement,2020-04-14,03:00:00,,,,1,639,3,,
1115,Filter replacement,2020-04-16,10:00:00,,,,1,406,3,,
1116,Filter replacement,2020-04-14,10:00:00,,,,1,237,2,,
1117,Urgent Repair,2020-04-14,03:00:00,,,熱水唔夠熱,1,572,2,,
1118,Filter replacement,2020-04-15,10:00:00,,,,1,238,3,,
1119,Filter replacement,2020-04-15,10:00:00,,,,1,635,3,,
1120,Filter replacement,2020-04-15,10:00:00,,,,1,151,2,,
1121,Urgent Repair,2020-04-15,03:00:00,,,出熱水時有時冇,1,260,3,,
1122,Filter replacement,2020-04-15,02:00:00,,,,1,275,3,,
1123,Filter replacement,2020-04-15,10:00:00,,,,1,276,3,,
1124,Filter replacement,2020-04-16,02:00:00,,,,1,147,3,,
1125,Filter replacement,2020-04-16,10:00:00,,,"到時致電黃太 , 電話 : 6032 0135",1,340,3,,
1126,Filter replacement,2020-04-20,10:00:00,,,,1,636,3,,
1127,Filter replacement,2020-04-17,10:00:00,,,,1,150,3,,
1128,Filter replacement,2020-04-17,11:00:00,,,,1,148,3,,
1129,Filter replacement,2020-04-16,02:00:00,,,,1,550,2,,
1130,Urgent Repair,2020-04-16,02:00:00,,,"熱水出得好慢, 到時打俾譚小姐, 電話 : 9255 0198",1,647,2,,
1131,Checking,2020-04-20,09:30:00,,,睇位,1,529,3,,
1132,Filter replacement,2020-04-17,03:00:00,,,,1,568,3,,
1133,Urgent Repair,2020-04-17,12:00:00,,,"第一, 二盞燈係度閃",1,394,2,,
1134,Urgent Repair,2020-04-20,10:00:00,,,"收回一部WPU8260C返公司檢查, 暫借一部WPU8200C",1,214,2,,
1135,Urgent Repair,2020-04-20,03:00:00,,,"收回一部WPU9800返公司檢查, 暫借一部WPU2800",1,394,2,,
1136,Filter replacement,2020-04-21,06:30:00,,,,1,93,2,,
1137,Filter replacement,2020-04-21,03:00:00,,,,1,392,3,,
1138,Filter replacement,2020-04-21,11:00:00,,,,1,490,3,,
1139,Filter replacement,2020-04-21,02:00:00,,,,1,396,3,,
1140,Filter replacement,2020-04-22,10:00:00,,,,1,545,3,,
1141,Filter replacement,2020-04-22,10:00:00,,,,1,229,3,,
1142,Filter replacement,2020-04-22,02:00:00,,,,1,549,3,,
1143,Filter replacement,2020-04-22,10:00:00,,,,1,85,2,,
1144,Filter replacement,2020-04-22,03:00:00,,,,1,503,3,,
1145,Urgent Repair,2020-04-22,11:00:00,,,"送回一部WPU9800, 收回一部WPU2800",1,394,2,,
1146,Filter replacement,2020-04-23,10:00:00,,,,1,493,3,,
1147,Filter replacement,2020-04-23,10:00:00,,,,1,231,3,,
1148,Filter replacement,2020-04-23,03:00:00,,,,1,553,3,,
1149,Filter replacement,2020-04-24,10:00:00,,,,1,536,3,,
1150,Filter replacement,2020-04-24,10:00:00,,,,1,152,3,,
1151,Filter replacement,2020-04-24,02:00:00,,,,1,83,3,,
1152,Filter replacement,2020-04-24,02:00:00,,,,1,442,3,,
1153,Filter replacement,2020-04-27,02:00:00,,,,1,291,3,,
1154,Filter replacement,2020-04-28,10:00:00,,,廁所板換FILTER,1,278,1,,
1155,Filter replacement,2020-04-28,03:00:00,,,,1,556,3,,
1156,Filter replacement,2020-04-29,10:00:00,,,,1,552,3,,
1157,Filter replacement,2020-05-04,10:00:00,,,,1,33,3,,
1158,Filter replacement,2020-05-04,10:00:00,,,,1,33,3,,
1159,Installation,2020-04-28,10:00:00,,,,1,659,3,,
1160,Urgent Repair,2020-05-04,10:00:00,,,,1,396,2,,
1161,Filter replacement,2020-05-05,10:00:00,,,,1,561,3,,
1162,Filter replacement,2020-05-05,10:00:00,,,"凍水出O黎係室溫, 熱水唔夠熱",1,212,2,,
1163,Filter replacement,2020-05-05,10:30:00,,,,1,533,3,,
1164,Filter replacement,2020-05-08,02:00:00,,,,1,38,2,,
1165,Filter replacement,2020-05-06,10:00:00,,,,1,468,3,,
1166,Filter replacement,2020-05-06,10:00:00,,,,1,472,3,,
1167,Filter replacement,2020-05-06,02:00:00,,,,1,376,3,,
1168,Filter replacement,2020-05-06,03:00:00,,,,1,469,3,,
1169,Filter replacement,2020-05-08,10:00:00,,,,1,565,3,,
1170,Filter replacement,2020-05-07,02:00:00,,,,1,598,3,,
1171,Filter replacement,2020-05-07,03:00:00,,,,1,281,3,,
1172,Filter replacement,2020-05-07,02:00:00,,,"已入雪種, 送回水機及做洗機換芯",1,212,2,,
1173,Filter replacement,2020-05-07,03:00:00,,,,1,495,3,,
1174,Filter replacement,2020-05-07,02:00:00,,,,1,494,2,,
1175,Filter replacement,2020-05-11,12:00:00,,,,1,593,3,,
1176,Filter replacement,2020-05-08,10:00:00,,,,1,10,2,,
1177,Filter replacement,2020-05-08,10:00:00,,,,1,414,2,,
1178,Filter replacement,2020-05-08,11:00:00,,,,1,660,2,,
1179,Filter replacement,2020-05-08,02:00:00,,,,1,496,3,,
1180,Filter replacement,2020-05-08,10:00:00,,,,1,475,3,,
1181,Filter replacement,2020-05-08,11:00:00,,,,1,498,3,,
1182,Filter replacement,2020-05-08,02:00:00,,,,1,289,3,,
1183,Filter replacement,2020-05-08,02:00:00,,,,1,470,3,,
1184,Filter replacement,2020-05-11,10:00:00,,,,1,620,3,,
1185,Filter replacement,2020-05-11,02:00:00,,,,1,474,3,,
1186,Installation,2020-05-12,10:00:00,,,,1,661,2,,
1187,Urgent Repair,2020-05-08,03:00:00,,,熱水制有問題,1,346,3,,
1188,Filter replacement,2020-05-12,11:00:00,,,,1,165,2,,
1189,Urgent Repair,2020-05-10,10:00:00,,,,1,90,2,,
1190,Urgent Repair,2020-05-11,11:00:00,,,水機冇晒燈,1,470,2,,
1191,Urgent Repair,2020-05-11,02:30:00,,,"漏水, 到前致電方太, TEL : 9406 4833",1,592,2,,
1192,Filter replacement,2020-05-11,02:30:00,,,,1,592,2,,
1193,Urgent Repair,2020-05-11,11:00:00,,,漏水,1,366,2,,
1194,Checking,2020-05-11,12:00:00,,,,1,45,2,,
1195,Filter replacement,2020-05-14,10:00:00,,,,1,437,3,,
1196,Installation,2020-05-12,11:00:00,,,水機已入雪種,1,373,2,,
1197,Filter replacement,2020-05-13,03:00:00,,,,1,566,3,,
1198,Filter replacement,2020-05-13,10:00:00,,,,1,564,3,,
1199,Filter replacement,2020-05-14,02:00:00,,,,1,292,3,,
1200,Filter replacement,2020-05-14,11:00:00,,,,1,562,3,,
1201,Filter replacement,2020-05-14,02:00:00,,,,1,227,3,,
1202,Filter replacement,2020-05-18,10:00:00,,,,1,497,2,,
1203,Urgent Repair,2020-05-12,03:00:00,,,"收回一部WPU8200C返公司入雪種, 暫借一部WPU 2900",1,163,2,,
1204,Filter replacement,2020-05-13,10:00:00,,,,1,643,2,,
1205,Filter replacement,2020-05-13,10:00:00,,,,1,343,2,,
1206,Urgent Repair,2020-05-13,12:00:00,,,凍水唔夠凍,1,85,2,,
1207,Filter replacement,2020-05-18,10:00:00,,,,1,591,2,,
1208,Urgent Repair,2020-05-13,10:00:00,,,凍水唔係好凍,1,10,2,,
1209,Urgent Repair,2020-05-13,12:00:00,,,漏水,1,525,2,,
1210,Filter replacement,2020-05-14,11:00:00,,,,1,528,2,,
1211,Filter replacement,2020-05-14,11:00:00,,,,1,100,2,,
1212,Urgent Repair,2020-05-14,10:00:00,,,凍水唔凍,1,90,2,,
1213,Filter replacement,2020-05-14,12:30:00,,,,1,597,2,,
1214,Filter replacement,2020-05-14,02:00:00,,,及換UNDERSINK FILTER,1,286,2,,
1215,Filter replacement,2020-05-14,03:00:00,,,,1,156,2,,
1216,Filter replacement,2020-05-15,10:00:00,,,,1,161,3,,
1217,Urgent Repair,2020-05-14,03:00:00,,,凍水唔凍,1,303,3,,
1218,Filter replacement,2020-05-18,11:00:00,,,"送回已入雪種水機, 收回一部WPU2900",1,163,2,,
1219,Urgent Repair,2020-05-18,03:00:00,Delivery back 1 unit 8200F,,,1,303,2,,
1220,Urgent Repair,2020-05-18,02:00:00,Return back one unit WPU8200C recharge refrigerant,,,1,90,2,,
1221,Filter replacement,2020-05-19,10:00:00,,,,1,162,3,,
1222,Urgent Repair,2020-05-19,03:00:00,,,"送回一部WPU 8200C, 已入雪種",1,85,2,,
1223,Installation,2020-05-19,10:00:00,,,,1,662,2,,
1224,Urgent Repair,2020-05-19,02:00:00,,,凍水唔凍,1,150,2,,
1225,Filter replacement,2020-05-19,10:00:00,,,,1,477,3,,
1226,Filter replacement,2020-05-19,03:00:00,,,,1,420,3,,
1227,Filter replacement,2020-05-20,11:00:00,,,,1,595,3,,
1228,Filter replacement,2020-05-20,02:00:00,,,,1,21,3,,
1229,Filter replacement,2020-05-20,02:00:00,,,,1,285,3,,
1230,Filter replacement,2020-05-20,02:00:00,,,,1,471,3,,
1231,Urgent Repair,2020-05-20,10:00:00,,,,1,536,2,,
1232,Urgent Repair,2020-05-20,02:00:00,,,"收回一部WPU 8200C 入雪種, 暫借一部WPU 2900",1,150,2,,
1233,Urgent Repair,2020-05-20,11:00:00,,,送回1部WPU 9910,1,627,2,,
1234,Filter replacement,2020-05-21,10:00:00,,,,1,594,3,,
1235,Filter replacement,2020-05-21,10:00:00,,,,1,654,3,,
1236,Urgent Repair,2020-05-21,11:00:00,,,推杯扭制都冇熱水出,1,316,3,,
1237,Filter replacement,2020-05-22,10:00:00,,,,1,72,3,,
1238,Filter replacement,2020-05-22,11:00:00,,,,1,158,3,,
1239,Urgent Repair,2020-05-22,10:00:00,,,"已入雪種, 送回1部WPU 8200C, 收回1部WPU 2800",1,90,2,,
1240,Urgent Repair,2020-05-22,11:00:00,,,"已入雪種, 送回1部WPU 8200C, 收回1部WPU 2900",1,150,2,,
1241,Filter replacement,2020-05-29,11:00:00,,,,1,154,3,,
1242,Filter replacement,2020-05-26,10:00:00,,,,1,251,2,,
1243,Urgent Repair,2020-05-22,03:00:00,,,"熱水出o黎o的水唔熱, 到時打俾袁小姐, 電話 : 5338 1638",1,610,3,,
1244,Filter replacement,2020-05-25,02:00:00,,,,1,596,3,,
1245,Urgent Repair,2020-05-25,10:00:00,,,Reconnection,1,529,2,,
1246,Urgent Repair,2020-05-25,11:00:00,,,熱水出水有問題,1,642,2,,
1247,Filter replacement,2020-05-27,10:00:00,,,,1,357,2,,
1248,Filter replacement,2020-05-27,10:00:00,,,,1,55,2,,
1249,Filter replacement,2020-05-28,11:30:00,,,,1,223,3,,
1250,Checking,2020-05-28,11:00:00,,,on site checking,1,352,2,,
1251,Filter replacement,2020-06-01,02:00:00,,,,0,464,3,,
1252,Filter replacement,2020-06-02,11:00:00,,,,1,9,2,,
1253,Installation,2019-12-20,10:00:00,,,,1,663,2,,
1254,Filter replacement,2020-06-01,03:00:00,,,,1,663,3,,
1255,Filter replacement,2020-05-29,10:00:00,,,,1,563,3,,
1256,Filter replacement,2020-06-01,11:00:00,,,,1,300,2,,
1257,Filter replacement,2020-06-01,10:00:00,,,,1,306,2,,
1258,Urgent Repair,2020-06-01,10:00:00,,,"水機凍水唔凍, 收回公司入雪種 (Location : 倉)",1,455,2,,
1259,Installation,2020-06-01,02:00:00,,,,1,664,2,,
1260,Filter replacement,2020-05-29,10:00:00,,,,1,159,1,,
1261,Urgent Repair,2020-06-01,11:00:00,,,"熱水唔熱, 熱水制有問題",1,102,2,,
1262,Filter replacement,2020-06-02,02:00:00,,,熱水制有問題,1,666,3,,
1263,Filter replacement,2020-06-02,10:00:00,,,,1,582,2,,
1264,Filter replacement,2020-06-02,10:00:00,,,,1,504,2,,
1265,Filter replacement,2020-06-03,02:00:00,,,,1,297,3,,
1266,Filter replacement,2020-06-03,10:00:00,,,,1,581,3,,
1267,Installation,2020-06-03,10:00:00,,,到前個半鐘致電魏師傅 TEL : 9559 2740,1,667,2,,
1268,Filter replacement,2020-06-04,10:00:00,,,,1,418,3,,
1269,Filter replacement,2020-06-04,02:00:00,,,"水機已入雪種, 現送回及收回暫借水機",1,455,2,,
1270,Installation,2020-06-03,10:00:00,,,,1,665,2,,
1271,Filter replacement,2020-06-08,10:00:00,,,,1,63,3,,
1272,Filter replacement,2020-06-05,03:00:00,,,,1,342,3,,
1273,Filter replacement,2020-06-05,10:00:00,,,,1,23,3,,
1274,Filter replacement,2020-06-08,02:00:00,,,,1,603,3,,
1275,Filter replacement,2020-06-08,02:00:00,,,,1,601,3,,
1276,Filter replacement,2020-06-08,12:00:00,,,,1,302,3,,
1277,Filter replacement,2020-06-08,12:00:00,,,,1,301,3,,
1278,Filter replacement,2020-06-08,11:00:00,,,,1,505,3,,
1279,Urgent Repair,2020-06-09,10:00:00,,,更換凍水制,1,73,2,,
1280,Filter replacement,2020-06-09,10:00:00,,,,1,355,2,,
1281,Filter replacement,2020-06-09,10:00:00,,,,1,293,3,,
1282,Filter replacement,2020-06-09,10:30:00,,,,1,645,3,,
1283,Installation,2019-12-23,10:00:00,,,,1,668,3,,
1284,Filter replacement,2020-06-09,02:00:00,,,,1,668,3,,
1285,Urgent Repair,2020-06-09,02:00:00,,,,1,343,2,,
1286,Filter replacement,2020-06-11,10:00:00,,,,1,307,3,,
1287,Filter replacement,2020-06-11,11:00:00,,,,1,303,3,,
1288,Filter replacement,2020-06-10,10:00:00,,,,1,109,3,,
1289,Filter replacement,2020-06-10,11:00:00,,,,1,466,3,,
1290,Filter replacement,2020-06-10,02:00:00,,,,1,644,3,,
1291,Filter replacement,2020-06-11,03:00:00,,,,1,500,3,,
1292,Filter replacement,2020-06-18,10:00:00,,,,1,18,3,,
1293,Filter replacement,2020-06-18,11:00:00,,,,1,567,3,,
1294,Filter replacement,2020-06-18,11:00:00,,,,1,252,3,,
1295,Filter replacement,2020-06-12,10:00:00,,,,1,602,3,,
1296,Filter replacement,2020-06-12,11:00:00,,,,1,105,3,,
1297,Filter replacement,2020-06-12,02:00:00,,,,1,614,3,,
1298,Filter replacement,2020-06-12,02:00:00,,,,1,584,3,,
1299,Urgent Repair,2020-06-11,10:00:00,,,凍水出O黎唔凍,1,208,2,,
1300,Filter replacement,2020-06-15,10:00:00,,,,1,604,3,,
1301,Filter replacement,2020-06-15,10:00:00,,,,1,255,3,,
1302,Checking,2020-06-12,10:00:00,,,on site checking,1,571,2,,
1303,Filter replacement,2020-06-15,01:30:00,,,,1,366,3,,
1304,Filter replacement,2020-06-15,10:00:00,,,,1,605,2,,
1305,Filter replacement,2020-06-15,10:00:00,,,,1,467,2,,
1306,Installation,2020-06-15,11:00:00,,,Reconnection,1,571,2,,
1307,Filter replacement,2020-06-17,03:00:00,,,,1,438,3,,
1308,Filter replacement,2020-06-18,10:00:00,,,,1,508,2,,
1309,Filter replacement,2020-06-18,10:00:00,,,,1,108,2,,
1310,Filter replacement,2020-06-17,02:00:00,,,,1,107,3,,
1311,Installation,2020-06-17,10:00:00,,,,1,669,2,,
1312,Filter replacement,2020-06-18,02:00:00,,,,1,295,3,,
1313,Urgent Repair,2020-06-19,11:00:00,,,凍水唔夠凍,1,237,2,,
1314,Urgent Repair,2020-06-19,11:00:00,,,"收回1部WPU8900C返公司入雪種, 暫借1 部WPU2800",1,501,2,,
1315,Checking,2020-06-19,02:00:00,,,on site checking,1,349,3,,
1316,Urgent Repair,2020-06-22,03:00:00,,,,1,567,3,,
1317,Urgent Repair,2020-06-23,11:00:00,,,Change cold water tap,1,478,3,,
1318,Filter replacement,2020-06-23,11:00:00,,,,1,39,3,,
1319,Filter replacement,2020-06-23,11:00:00,,,,0,106,3,,
1320,Filter replacement,2020-06-23,02:00:00,,,,1,45,3,,
1321,Filter replacement,2020-06-23,03:00:00,,,,1,298,3,,
1322,Filter replacement,2020-06-24,10:00:00,,,,1,646,3,,
1323,Urgent Repair,2020-06-23,10:00:00,,,,1,150,2,,
1324,Checking,2020-06-24,10:00:00,,,on site checking,1,208,2,,
1326,Filter replacement,2020-06-29,10:00:00,,,,1,34,3,,
1327,Urgent Repair,2020-06-29,11:00:00,,,,1,165,2,,
1328,Urgent Repair,2020-06-30,10:00:00,,,,1,129,3,,
1329,Filter replacement,2020-06-30,10:00:00,,,,1,501,2,,
1330,Filter replacement,2020-07-02,02:00:00,,,,1,263,3,,
1331,Filter replacement,2020-07-02,10:00:00,,,,1,262,3,,
1332,Filter replacement,2020-07-02,02:00:00,,,,1,256,3,,
1333,Urgent Repair,2020-06-30,02:00:00,,,,1,150,2,,
1334,Checking,2020-07-02,03:00:00,,,,1,167,2,,
1335,Filter replacement,2020-07-02,02:00:00,,,,1,173,2,,
1336,Filter replacement,2020-07-06,11:00:00,,,,1,577,3,,
1337,Filter replacement,2020-07-02,10:00:00,,,,1,522,2,,
1338,Filter replacement,2020-07-02,10:30:00,,,,0,521,2,,
1339,Filter replacement,2020-07-03,10:00:00,,,,1,460,2,,
1340,Filter replacement,2020-07-03,11:00:00,,,,1,175,2,,
1341,Filter replacement,2020-07-03,02:00:00,,,,1,440,2,,
1342,Installation,2020-07-03,12:00:00,,,,1,670,2,,
1343,Filter replacement,2020-07-06,02:00:00,,,,1,305,3,,
1344,Filter replacement,2020-07-06,03:00:00,,,,1,371,3,,
1345,Checking,2020-07-06,10:00:00,,,,1,84,3,,
1346,Filter replacement,2020-07-07,10:00:00,,,,1,169,3,,
1347,Filter replacement,2020-07-07,10:00:00,,,,1,458,3,,
1348,Filter replacement,2020-07-06,03:00:00,,,,1,648,2,,
1349,Filter replacement,2020-07-06,03:00:00,,,,1,513,2,,
1350,Filter replacement,2020-07-07,02:00:00,,,,1,520,3,,
1351,Filter replacement,2020-07-07,02:00:00,,,,1,311,3,,
1352,Filter replacement,2020-07-07,03:00:00,,,,1,308,3,,
1353,Checking,2020-07-13,11:00:00,,,,0,369,2,,
1354,Filter replacement,2020-07-13,10:00:00,,,,1,524,2,,
1356,Urgent Repair,2020-07-09,10:00:00,,,,1,629,3,,
1357,Filter replacement,2020-07-08,10:00:00,,,,1,102,3,,
1358,Filter replacement,2020-07-09,11:00:00,,,,1,427,3,,
1359,Filter replacement,2020-07-09,11:30:00,,,,1,35,3,,
1360,Filter replacement,2020-07-09,02:00:00,,,,1,373,3,,
1361,Filter replacement,2020-07-08,10:00:00,,,,1,184,2,,
1362,Filter replacement,2020-07-08,10:00:00,,,,1,260,2,,
1364,Filter replacement,2020-07-09,10:00:00,,,"Collect 1 unit WPU 8900C for refrigerant problem, loan 1 unit WPU 2800",1,405,2,,
1365,Filter replacement,2020-07-08,03:00:00,,,,1,608,3,,
1366,Filter replacement,2020-07-08,03:00:00,,,,1,439,3,,
1367,Filter replacement,2020-07-09,02:00:00,,,,1,459,3,,
1368,Filter replacement,2020-07-10,08:30:00,,,,1,518,2,,
1369,Checking,2020-07-10,10:00:00,,,,1,528,2,,
1370,Checking,2020-07-09,10:00:00,,,,1,232,2,,
1371,Filter replacement,2020-07-15,10:00:00,,,,1,516,3,,
1372,Filter replacement,2020-07-10,10:00:00,,,,1,30,3,,
1373,Filter replacement,2020-07-13,10:00:00,,,,1,613,3,,
1374,Filter replacement,2020-07-10,11:00:00,,,,1,309,3,,
1375,Filter replacement,2020-07-13,11:00:00,,,,1,512,3,,
1376,Filter replacement,2020-07-13,10:00:00,,,,1,126,3,,
1377,Filter replacement,2020-07-13,01:00:00,,,,1,579,3,,
1378,Installation,2020-01-17,10:00:00,,,,1,671,2,,
1379,Filter replacement,2020-07-14,10:00:00,,,,1,112,3,,
1380,Filter replacement,2020-07-14,11:00:00,,,,1,120,3,,
1381,Filter replacement,2020-07-14,10:00:00,,,,0,510,2,,
1382,Filter replacement,2020-07-14,10:00:00,,,,1,510,2,,
1383,Filter replacement,2020-07-13,02:00:00,,,,1,606,3,,
1384,Filter replacement,2020-07-14,02:00:00,,,,1,635,3,,
1385,Filter replacement,2020-07-15,10:00:00,,,,1,24,2,,
1386,Filter replacement,2020-07-15,10:00:00,,,,1,651,2,,
1387,Filter replacement,2020-07-15,02:00:00,,,,1,69,2,,
1388,Filter replacement,2020-09-03,02:00:00,,,,1,122,2,,
1389,Filter replacement,2020-07-14,03:00:00,,,,1,514,3,,
1390,Filter replacement,2020-07-30,10:00:00,,,,1,125,3,,
1391,Filter replacement,2020-07-16,11:00:00,,,,1,70,3,,
1392,Filter replacement,2020-07-15,10:00:00,,,,1,68,3,,
1393,Filter replacement,2020-07-15,11:00:00,,,,1,118,3,,
1394,Filter replacement,2020-07-15,02:00:00,,,,1,650,3,,
1395,Urgent Repair,2020-07-16,11:00:00,,,,1,628,2,,
1396,Urgent Repair,2020-07-15,03:00:00,,,,1,646,3,,
1397,Urgent Repair,2020-07-16,12:00:00,,,,1,613,2,,
1398,Filter replacement,2020-07-16,10:00:00,,,,1,578,3,,
1399,Filter replacement,2020-07-20,10:00:00,,,,1,429,3,,
1400,Installation,2020-07-16,12:00:00,,,,1,234,3,,
1401,Filter replacement,2020-07-17,10:00:00,,,,1,672,2,,
1402,Filter replacement,2020-07-17,11:00:00,,,Return 1 unit WPU 8900C & collect 1 unit WPU 2800,1,405,2,,
1403,Filter replacement,2020-07-21,10:00:00,,,,1,517,3,,
1404,Filter replacement,2020-07-20,06:00:00,,,,1,266,2,,
1405,Filter replacement,2020-07-21,12:00:00,,,,1,124,3,,
1406,Filter replacement,2020-07-21,02:00:00,,,,1,171,3,,
1407,Filter replacement,2020-07-23,10:00:00,,,,1,123,3,,
1408,Installation,2020-07-22,10:00:00,,,,1,673,2,,
1409,Urgent Repair,2020-07-22,02:00:00,,,,1,191,3,,
1410,Urgent Repair,2020-07-23,11:00:00,,,,1,34,3,,
1411,Filter replacement,2020-07-23,02:00:00,,,,1,257,3,,
1412,Installation,2020-07-23,10:00:00,,,,1,674,2,,
1413,Installation,2020-07-24,10:00:00,,,,1,675,2,,
1414,Installation,2020-07-24,10:00:00,,,,1,676,3,,
1415,Urgent Repair,2020-07-24,11:00:00,,,,1,558,2,,
1416,Filter replacement,2020-07-27,10:00:00,,,,0,179,3,,
1417,Filter replacement,2020-07-24,02:00:00,,,,1,511,3,,
1418,Filter replacement,2020-07-27,12:00:00,,,,0,423,3,,
1419,Urgent Repair,2020-07-29,09:30:00,,,灰色喉漏水,1,306,2,,
1420,Urgent Repair,2020-07-29,11:00:00,,,收機返公司入雪種,1,126,3,,
1421,Filter replacement,2020-07-30,10:00:00,,,,1,174,3,,
1422,Filter replacement,2020-08-03,11:00:00,,,,1,77,3,,
1423,Filter replacement,2020-08-03,10:00:00,,,,1,653,2,,
1424,Filter replacement,2020-08-03,10:00:00,,,,1,191,2,,
1425,Filter replacement,2020-08-03,02:00:00,,,,1,387,3,,
1426,Filter replacement,2020-08-04,10:00:00,,,,1,313,2,,
1427,Filter replacement,2020-08-04,10:00:00,,,,1,290,3,,
1428,Filter replacement,2020-08-04,02:00:00,,,,1,317,3,,
1429,Filter replacement,2020-08-04,11:00:00,,,,1,356,2,,
1430,Filter replacement,2020-08-04,10:00:00,,,,1,252,3,,
1431,Filter replacement,2020-08-04,11:00:00,,,,1,623,3,,
1432,Filter replacement,2020-08-04,02:00:00,,,,1,209,3,,
1433,Filter replacement,2020-08-05,10:00:00,,,,1,391,2,,
1434,Filter replacement,2020-08-05,10:00:00,,,,1,528,2,,
1435,Filter replacement,2020-08-07,10:00:00,,,,1,419,3,,
1436,Filter replacement,2020-08-07,11:00:00,,,,1,78,3,,
1437,Filter replacement,2020-08-05,10:00:00,,,,1,197,3,,
1438,Filter replacement,2020-08-05,10:30:00,,,,1,457,3,,
1439,Filter replacement,2020-08-05,02:00:00,,,,1,533,3,,
1440,Filter replacement,2020-08-05,02:00:00,,,,1,527,3,,
1441,Filter replacement,2020-08-06,10:00:00,,,,1,73,3,,
1442,Filter replacement,2020-08-06,03:00:00,,,,0,383,3,,
1443,Filter replacement,2020-08-07,02:00:00,,,,1,428,3,,
1444,Filter replacement,2020-08-07,10:00:00,,,,1,525,2,,
1445,Filter replacement,2020-08-07,10:00:00,,,,1,131,2,,
1446,Filter replacement,2020-08-07,11:00:00,,,,1,13,2,,
1447,Filter replacement,2020-08-07,02:00:00,,,,1,425,3,,
1448,Urgent Repair,2020-08-10,11:00:00,,,"已入雪種, 現送回水機",1,126,2,,
1449,Filter replacement,2020-08-10,10:00:00,,,,1,386,3,,
1450,Filter replacement,2020-08-10,11:00:00,,,,1,129,3,,
1451,Filter replacement,2020-08-10,11:00:00,,,,1,534,2,,
1452,Filter replacement,2020-08-10,02:00:00,,,,1,652,2,,
1453,Filter replacement,2020-08-10,02:00:00,,,,1,654,3,,
1454,Filter replacement,2020-08-11,11:00:00,,,,1,80,3,,
1455,Filter replacement,2020-08-11,02:00:00,,,更換UV燈,1,75,3,,
1456,Filter replacement,2020-08-11,02:00:00,,,,1,130,3,,
1457,Filter replacement,2020-08-13,10:00:00,,,,1,160,3,,
1458,Urgent Repair,2020-08-11,03:00:00,,,凍水唔夠凍,1,279,2,,
1459,Filter replacement,2020-08-12,11:00:00,,,,1,137,3,,
1460,Filter replacement,2020-08-12,10:00:00,,,,1,261,3,,
1461,Filter replacement,2020-08-12,02:00:00,,,,1,195,3,,
1462,Filter replacement,2020-08-12,11:00:00,,,,1,320,3,,
1463,Installation,2020-08-12,10:00:00,,,,1,677,2,,
1464,Filter replacement,2020-08-12,02:00:00,,,,1,615,3,,
1465,Installation,2019-08-28,10:00:00,,,,1,678,2,,
1466,Filter replacement,2020-02-24,10:00:00,,,,1,678,3,,
1467,Filter replacement,2020-08-13,11:00:00,,,,1,655,3,,
1468,Filter replacement,2020-08-13,11:00:00,,,Location : 5/F,1,314,3,,
1469,Filter replacement,2020-08-13,02:00:00,,,,1,568,3,,
1470,Urgent Repair,2020-08-13,03:00:00,,,凍水唔凍,1,336,3,,
1471,Urgent Repair,2020-08-14,11:00:00,,,送回已入雪種水機,1,279,2,,
1472,Filter replacement,2020-08-17,10:00:00,,,,1,100,2,,
1473,Urgent Repair,2020-08-17,11:00:00,,,收機返公司檢查,1,336,2,,
1474,Filter replacement,2020-08-19,10:00:00,,,,1,315,2,,
1475,Filter replacement,2020-08-21,10:00:00,,,,1,535,2,,
1476,Filter replacement,2020-08-19,12:00:00,,,,1,384,2,,
1477,Urgent Repair,2020-08-19,02:00:00,,,更換制冷片,1,110,2,,
1478,Filter replacement,2020-08-18,02:00:00,,,,1,319,3,,
1479,Filter replacement,2020-08-20,10:00:00,,,,0,612,3,,
1480,Urgent Repair,2020-08-21,10:00:00,,,凍水唔凍,1,165,2,,
1481,Filter replacement,2020-08-25,10:00:00,,,,1,201,3,,
1482,Filter replacement,2020-08-21,10:00:00,,,,1,207,2,,
1483,Filter replacement,2020-08-24,10:00:00,,,,1,230,3,,
1484,Filter replacement,2020-08-25,11:00:00,,,,1,324,2,,
1485,Filter replacement,2020-08-31,03:00:00,,,,1,529,3,,
1486,Filter replacement,2020-08-28,10:30:00,,,,1,531,3,,
1487,Installation,2020-08-26,10:00:00,,,,1,679,3,,
1488,Filter replacement,2020-08-27,03:00:00,,,,1,132,3,,
1489,Filter replacement,2020-08-27,11:00:00,,,,1,536,3,,
1490,Filter replacement,2020-08-28,02:00:00,,,,1,392,3,,
1492,Filter replacement,2020-09-02,10:00:00,,,,1,441,3,,
1493,Filter replacement,2020-09-02,11:00:00,,,,1,570,3,,
1494,Urgent Repair,2020-09-02,03:00:00,,,凍水唔夠凍,1,401,3,,
1495,Urgent Repair,2020-09-02,02:00:00,,,水機燈冇著,1,495,3,,
1496,Urgent Repair,2020-09-03,03:00:00,,,凍水出水慢,1,565,2,,
1497,Filter replacement,2020-09-03,10:00:00,,,凍水唔夠凍,1,82,3,,
1498,Filter replacement,2020-09-03,10:00:00,,,,1,541,3,,
1499,Filter replacement,2020-09-03,11:00:00,,,,1,224,3,,
1500,Filter replacement,2020-09-03,02:00:00,,,,1,624,3,,
1501,Filter replacement,2020-09-03,03:00:00,,,,1,218,3,,
1502,Filter replacement,2020-09-04,02:00:00,,,,0,484,3,,
1503,Filter replacement,2020-09-04,02:00:00,,,,1,484,3,,
1504,Filter replacement,2020-09-04,10:00:00,,,,1,637,3,,
1505,Filter replacement,2020-09-04,10:00:00,,,,1,483,3,,
1506,Filter replacement,2020-09-04,09:30:00,,,12點前做,1,547,3,,
1507,Filter replacement,2020-09-04,11:00:00,,,,1,12,2,,
1508,Filter replacement,2020-09-04,03:30:00,,,,1,479,2,,
1509,Filter replacement,2020-09-04,02:00:00,,,,1,586,3,,
1510,Filter replacement,2020-09-04,02:00:00,,,,1,282,2,,
1511,Filter replacement,2020-09-07,10:00:00,,,,1,33,3,,
1512,Filter replacement,2020-09-07,12:00:00,,,,1,544,3,,
1513,Filter replacement,2020-09-07,03:00:00,,,,1,488,3,,
1514,Urgent Repair,2020-09-07,10:00:00,,,"送回1部WPU 8200C, 收回暫借水機WPU 2800",1,279,2,,
1515,Installation,2020-03-24,02:00:00,,,,1,680,2,,
1516,Filter replacement,2020-09-08,10:00:00,,,,1,680,2,,
1517,Urgent Repair,2020-09-08,10:00:00,,,收回1部WPU 8200C返公司入雪種,1,82,2,,
1518,Filter replacement,2020-09-08,10:00:00,,,,1,633,2,,
1519,Filter replacement,2020-09-08,02:00:00,,,,1,617,2,,
1520,Filter replacement,2020-09-08,02:00:00,,,熱水唔熱,1,618,2,,
1521,Filter replacement,2020-09-08,02:00:00,,,,1,572,2,,
1522,Filter replacement,2020-09-08,02:00:00,,,,1,573,2,,
1523,Filter replacement,2020-09-09,10:00:00,,,,1,333,3,,
1524,Filter replacement,2020-09-10,10:00:00,,,,1,214,3,,
1525,Filter replacement,2020-09-09,11:00:00,,,,1,542,3,,
1526,Filter replacement,2020-09-09,02:00:00,,,,1,138,3,,
1527,Filter replacement,2020-09-09,03:00:00,,,,1,43,3,,
1528,Installation,2020-09-11,10:00:00,,,,1,681,3,,
1529,Filter replacement,2020-09-10,11:00:00,,,,1,400,3,,
1530,Filter replacement,2020-09-10,04:30:00,,,,1,632,3,,
1531,Filter replacement,2020-09-11,11:00:00,,,,1,468,3,,
1532,Filter replacement,2020-09-11,04:00:00,,,,1,630,3,,
1533,Filter replacement,2020-09-11,10:00:00,,,,1,216,2,,
1534,Urgent Repair,2020-09-11,10:00:00,,,收1部WPU 8900C回公司入雪種,1,401,2,,
1535,Filter replacement,2020-09-11,12:00:00,,,,1,140,2,,
1536,Filter replacement,2020-09-11,02:00:00,,,,1,437,3,,
1537,Filter replacement,2020-09-14,10:00:00,,,,1,389,3,,
1538,Filter replacement,2020-09-14,11:00:00,,,,1,267,3,,
1539,Filter replacement,2020-09-15,02:00:00,,,,1,398,3,,
1540,Filter replacement,2020-09-15,10:30:00,,,,1,489,3,,
1541,Filter replacement,2020-09-15,03:00:00,,,,1,539,3,,
1542,Filter replacement,2020-09-15,03:00:00,,,,1,619,3,,
1543,Filter replacement,2020-09-16,07:15:00,,,,1,226,3,,
1544,Filter replacement,2020-09-16,10:00:00,,,,1,219,3,,
1545,Filter replacement,2020-09-16,11:00:00,,,,1,420,3,,
1546,Filter replacement,2020-09-16,02:00:00,,,,1,543,3,,
1547,Filter replacement,2020-09-16,03:00:00,,,,1,634,3,,
1548,Urgent Repair,2020-09-16,10:00:00,,,"已入雪種, 送回1部WPU8200C, 收回1部暫借WPU2800",1,82,2,,
1549,Urgent Repair,2020-09-16,10:00:00,,,"已入雪種, 送回1部WPU8900C",1,401,2,,
1550,Urgent Repair,2020-09-17,10:00:00,,,一插插蘇就跳制,1,667,3,,
1551,Filter replacement,2020-09-17,02:00:00,,,,1,626,3,,
1552,Filter replacement,2020-09-18,10:00:00,,,,1,208,3,,
1553,Filter replacement,2020-09-17,11:00:00,,,,1,336,3,,
1554,Filter replacement,2020-09-18,11:00:00,,,,1,38,3,,
1555,Filter replacement,2020-09-18,02:15:00,,,,1,34,3,,
1556,Filter replacement,2020-09-18,09:30:00,,,,1,540,2,,
1557,Installation,2020-03-24,11:00:00,,,,1,682,2,,
1558,Filter replacement,2020-09-18,09:30:00,,,,1,682,2,,
1559,Urgent Repair,2020-09-18,02:00:00,,,"收1部WPU8900CX回公司檢查, 暫借1部WPU 2800",1,667,2,,
1560,Filter replacement,2020-09-22,10:00:00,,,有外置Filter,1,330,2,,
1561,Filter replacement,2020-09-22,10:00:00,,,,1,362,3,,
1562,Filter replacement,2020-09-22,12:00:00,,,,1,394,3,,
1563,Filter replacement,2020-09-22,04:00:00,,,,1,631,3,,
1564,Filter replacement,2020-09-22,02:00:00,,,,1,609,3,,
1565,Filter replacement,2020-09-22,12:00:00,,,,1,166,3,,
1566,Urgent Repair,2020-09-22,10:00:00,,,更換零件,1,216,2,,
1567,Urgent Repair,2020-09-22,12:00:00,,,更換水龍頭,1,13,2,,
1568,Filter replacement,2020-09-23,10:00:00,,,,1,337,3,,
1569,Urgent Repair,2020-09-23,10:00:00,,,"已完成檢查, 送回1部WPU8900CX及收回1部WPU2800",1,667,2,,
1570,Urgent Repair,2020-09-24,10:00:00,,,水機熱水制有問題,0,384,2,,
1571,Checking,2020-09-25,03:00:00,,,on site checking,1,415,3,,
1572,Filter replacement,2020-09-28,03:00:00,,,,1,486,3,,
1573,Filter replacement,2020-09-28,10:00:00,,,,1,90,3,,
1574,Filter replacement,2020-09-28,11:00:00,,,,1,545,3,,
1575,Filter replacement,2020-09-28,02:00:00,,,,1,629,3,,
1576,Filter replacement,2020-09-30,10:00:00,,,,1,217,2,,
1577,Filter replacement,2020-09-29,03:00:00,,,,1,326,3,,
1578,Filter replacement,2020-10-05,10:00:00,,,,1,552,3,,
1579,Urgent Repair,2020-10-05,11:00:00,,,更換熱水制,1,427,3,,
1580,Filter replacement,2020-10-05,02:00:00,,,,1,553,3,,
1581,Filter replacement,2020-09-30,12:00:00,,,,1,272,2,,
1582,Urgent Repair,2020-09-30,11:00:00,,,出水慢,1,654,3,,
1583,Urgent Repair,2020-09-30,02:00:00,,,更換熱水制,0,460,2,,
1584,Filter replacement,2020-10-05,11:00:00,,,,1,493,3,,
1585,Filter replacement,2020-10-05,04:00:00,,,,1,412,3,,
1586,Installation,2020-09-30,10:00:00,,,,1,683,2,,
1587,Filter replacement,2020-10-06,11:00:00,,,,1,490,3,,
1588,Filter replacement,2020-10-06,03:00:00,,,,1,152,3,,
1590,Filter replacement,2020-10-06,03:00:00,,,,1,232,3,,
1591,Filter replacement,2020-10-07,12:30:00,,,,1,636,3,,
1592,Filter replacement,2020-10-07,10:00:00,,,,1,23,3,,
1593,Filter replacement,2020-10-07,10:00:00,,,,1,554,3,,
1594,Filter replacement,2020-10-07,03:00:00,,,,1,274,3,,
1595,Filter replacement,2020-10-07,10:00:00,,,,1,555,2,,
1596,Filter replacement,2020-10-07,04:00:00,,,,1,349,3,,
1597,Filter replacement,2020-10-08,11:00:00,,,,1,447,3,,
1598,Filter replacement,2020-10-09,02:00:00,,,,1,234,3,,
1599,Filter replacement,2020-10-08,10:00:00,,,,1,588,3,,
1600,Filter replacement,2020-10-09,10:30:00,,,,1,112,3,,
1601,Checking,2020-10-09,12:00:00,,,熱水有膠味,1,84,3,,
1602,Filter replacement,2020-10-09,10:00:00,,,,1,18,3,,
1603,Filter replacement,2020-10-09,02:00:00,,,,1,252,3,,
1605,Filter replacement,2020-10-09,10:00:00,,,,1,640,2,,
1606,Filter replacement,2020-10-09,10:00:00,,,,1,352,2,,
1607,Filter replacement,2020-10-12,10:00:00,,,,1,550,2,,
1608,Filter replacement,2020-10-12,11:00:00,,,,1,291,2,,
1609,Installation,2020-09-01,03:00:00,,,,1,684,3,,
1610,Filter replacement,2020-10-12,10:00:00,,,,1,279,3,,
1611,Filter replacement,2020-10-12,10:00:00,,,,1,244,3,,
1612,Filter replacement,2020-10-12,02:00:00,,,,1,150,3,,
1613,Filter replacement,2020-10-12,12:00:00,,,,1,240,3,,
1614,Urgent Repair,2020-10-13,03:00:00,,,換1部全新機,1,582,2,,
1615,Filter replacement,2020-10-13,05:00:00,,,,1,9,2,,
1616,Filter replacement,2020-10-16,03:00:00,,,,1,151,2,,
1617,Filter replacement,2020-10-13,10:00:00,,,,1,233,3,,
1618,Urgent Repair,2020-10-14,10:00:00,,,熱水唔熱,1,565,3,,
1619,Filter replacement,2020-10-14,10:00:00,,,,1,237,3,,
1620,Filter replacement,2020-10-15,10:00:00,,,,1,238,3,,
1621,Filter replacement,2020-10-15,10:00:00,,,,1,18,3,,
1622,Filter replacement,2020-10-15,10:00:00,,,,1,276,3,,
1623,Urgent Repair,2020-10-15,03:00:00,,,水有味,1,598,3,,
1624,Filter replacement,2020-10-15,03:00:00,,,,1,351,3,,
1625,Urgent Repair,2020-10-13,10:00:00,,,檢查水機,1,582,2,,
1626,Filter replacement,2020-10-16,10:00:00,,,,1,278,2,,
1627,Filter replacement,2020-10-16,11:00:00,,,,1,638,2,,
1628,Filter replacement,2020-10-19,11:00:00,,,,1,342,3,,
1629,Filter replacement,2020-10-19,11:00:00,,,,1,399,3,,
1630,Filter replacement,2020-10-19,02:00:00,,,,1,548,3,,
1631,Filter replacement,2020-10-30,10:00:00,,,,0,85,2,,
1632,Filter replacement,2020-10-19,03:00:00,,,,1,91,2,,
1633,Installation,2020-10-19,03:00:00,,,,1,685,2,,
1634,Filter replacement,2020-10-20,10:00:00,,,,0,229,3,,
1635,Filter replacement,2020-10-20,02:00:00,,,,1,335,3,,
1636,Filter replacement,2020-10-20,03:00:00,,,,1,557,3,,
1637,Filter replacement,2020-10-20,11:00:00,,,,1,411,3,,
1638,Filter replacement,2020-10-20,02:00:00,,,,1,657,3,,
1639,Filter replacement,2020-10-20,10:00:00,,,,1,658,3,,
1640,Filter replacement,2020-10-22,03:00:00,,,"到前致電梁生, 謝謝",1,639,3,,
1641,Filter replacement,2020-10-23,10:00:00,,,"凍水唔凍, 熱水有時唔熱",1,340,3,,
1642,Filter replacement,2020-10-22,11:00:00,,,,1,659,3,,
1643,Filter replacement,2020-10-22,11:00:00,,,,1,482,3,,
1644,Filter replacement,2020-10-22,02:00:00,,,,1,402,3,,
1645,Filter replacement,2020-10-22,05:00:00,,,,1,480,3,,
1646,Filter replacement,2020-10-22,02:00:00,,,,1,346,3,,
1647,Filter replacement,2020-10-23,10:00:00,,,,1,401,2,,
1648,Filter replacement,2020-10-23,11:00:00,,,,1,350,2,,
1649,Filter replacement,2020-10-23,02:00:00,,,,1,556,3,,
1650,Filter replacement,2020-10-23,10:00:00,,,,1,396,3,,
1651,Filter replacement,2020-10-23,03:00:00,,,,1,280,3,,
1652,Filter replacement,2020-10-27,10:00:00,,,,1,558,3,,
1653,Filter replacement,2020-10-27,11:00:00,,,,1,549,3,,
1654,Filter replacement,2020-10-28,02:00:00,,,,1,347,3,,
1655,Filter replacement,2020-10-28,02:00:00,,,,1,83,3,,
1656,Filter replacement,2020-10-28,03:00:00,,,,1,442,3,,
1657,Filter replacement,2020-10-28,03:00:00,,,,1,45,3,,
1658,Filter replacement,2020-10-28,07:00:00,,,,0,93,2,,
1659,Urgent Repair,2020-10-29,09:30:00,,,漏水,1,83,3,,
1660,Urgent Repair,2020-10-29,02:00:00,,,熱水扭制有問題,1,586,3,,
1661,Filter replacement,2020-11-02,10:00:00,,,,1,620,3,,
1662,Filter replacement,2020-11-02,10:00:00,,,,1,429,3,,
1663,Filter replacement,2020-11-02,11:00:00,,,,1,495,3,,
1664,Filter replacement,2020-11-02,03:00:00,,,,1,475,3,,
1665,Filter replacement,2020-11-02,10:00:00,,,,1,654,2,,
1666,Filter replacement,2020-11-03,10:00:00,,,,1,285,3,,
1667,Filter replacement,2020-11-03,10:00:00,,,,1,471,3,,
1668,Filter replacement,2020-11-03,02:00:00,,,,1,289,3,,
1669,Filter replacement,2020-11-03,02:00:00,,,,1,470,3,,
1670,Filter replacement,2020-11-03,03:00:00,,,,1,564,3,,
1671,Urgent Repair,2020-11-03,10:00:00,,,,1,232,2,,
1672,Filter replacement,2020-11-03,10:00:00,,,Location : Office,1,562,2,,
1673,Filter replacement,2020-11-04,10:00:00,,,,1,165,3,,
1674,Urgent Repair,2020-11-04,05:00:00,,,熱水唔夠熱,1,268,2,,
1675,Filter replacement,2020-11-04,02:00:00,,,,1,155,3,,
1677,Filter replacement,2020-11-04,04:00:00,,,,1,158,3,,
1678,Filter replacement,2020-11-04,02:00:00,,,,1,251,2,,
1679,Filter replacement,2020-11-05,10:00:00,,,,1,472,3,,
1680,Filter replacement,2020-11-05,02:00:00,,,,1,661,3,,
1681,Filter replacement,2020-11-05,02:00:00,,,,1,596,3,,
1682,Filter replacement,2020-11-06,10:00:00,,,,1,55,2,,
1683,Filter replacement,2020-11-06,10:00:00,,,,1,357,2,,
1684,Filter replacement,2020-11-06,10:00:00,,,,0,559,3,,
1685,Filter replacement,2020-11-06,10:00:00,,,,0,560,3,,
1686,Filter replacement,2020-11-06,10:00:00,,,,1,100,2,,
1687,Filter replacement,2020-11-06,11:00:00,,,,1,528,2,,
1688,Filter replacement,2020-11-09,10:00:00,,,,1,598,3,,
1689,Urgent Repair,2020-11-09,11:00:00,,,熱水唔熱,1,630,3,,
1690,Filter replacement,2020-11-09,03:00:00,,,,1,660,2,,
1691,Filter replacement,2020-11-09,02:00:00,,,,1,154,3,,
1692,Filter replacement,2020-11-09,10:00:00,,,,1,343,2,,
1693,Filter replacement,2020-11-09,10:00:00,,,,1,643,2,,
1694,Filter replacement,2020-11-09,11:00:00,,,,1,161,2,,
1695,Filter replacement,2020-11-06,01:30:00,,,,1,159,2,,
1696,Urgent Repair,2020-11-06,05:30:00,,,機底漏水,1,123,3,,
1697,Filter replacement,2020-11-10,10:00:00,,,,1,30,3,,
1698,Filter replacement,2020-11-10,02:00:00,,,,1,561,3,,
1699,Filter replacement,2020-11-10,10:00:00,,,,1,592,2,,
1700,Filter replacement,2020-11-10,10:00:00,,,,1,212,2,,
1701,Installation,2020-11-11,10:00:00,,,,0,686,2,,
1702,Filter replacement,2020-11-11,10:00:00,,,,1,360,3,,
1703,Filter replacement,2020-11-11,10:00:00,,,,1,565,3,,
1704,Filter replacement,2020-11-11,03:30:00,,,,1,641,3,,
1705,Filter replacement,2020-11-11,11:00:00,,,,1,498,3,,
1706,Filter replacement,2020-11-11,02:00:00,,,,1,227,3,,
1707,Filter replacement,2020-11-11,03:00:00,,,,1,292,3,,
1708,Urgent Repair,2020-11-11,11:00:00,,,檢查水機,1,232,2,,
1709,Installation,2020-11-12,10:00:00,,,"Location : 1/F 控制室, 3/F 員工休息室",1,687,3,,
1710,Filter replacement,2020-11-12,02:00:00,,,,1,156,3,,
1711,Filter replacement,2020-11-12,04:30:00,,,,1,563,2,,
1712,Filter replacement,2020-11-17,10:00:00,,,,1,162,3,,
1713,Filter replacement,2020-11-16,10:00:00,,,,1,415,3,,
1714,Filter replacement,2020-11-13,10:00:00,,,,1,283,3,,
1715,Filter replacement,2020-11-13,11:00:00,,,,1,494,3,,
1716,Filter replacement,2020-11-16,12:00:00,,,,1,281,3,,
1717,Filter replacement,2020-11-16,02:00:00,,,,1,662,3,,
1718,Filter replacement,2020-11-16,11:00:00,,,,1,533,3,,
1719,Filter replacement,2020-11-17,10:00:00,,,,1,163,3,,
1720,Filter replacement,2020-11-17,10:00:00,,,,1,497,2,,
1722,Filter replacement,2020-11-17,10:00:00,,,,1,591,2,,
1723,Filter replacement,2020-11-18,10:00:00,,,,1,440,3,,
1724,Filter replacement,2020-11-19,10:00:00,,,,1,474,3,,
1725,Installation,2020-11-20,10:00:00,,,,1,688,3,,
1726,Filter replacement,2020-11-20,10:00:00,,,,1,414,2,,
1727,Filter replacement,2020-11-20,11:00:00,,,,1,10,2,,
1728,Urgent Repair,2020-11-20,11:00:00,,,水味有o的怪,1,522,2,,
1729,Urgent Repair,2020-11-19,06:00:00,,,收1部WPU8200C回公司檢查,1,197,1,,
1730,Urgent Repair,2020-11-23,10:00:00,,,熱水唔熱,0,618,3,,
1731,Urgent Repair,2020-11-24,10:00:00,,,"凍水燈閃, 冇水出",1,232,3,,
1732,Urgent Repair,2020-11-26,06:00:00,,,"已入雪種, 送回1部WPU 8200C",0,197,1,,
1733,Filter replacement,2020-11-27,11:15:00,,,,1,128,3,,
1734,Filter replacement,2020-11-27,11:30:00,,,,1,223,3,,
1735,Urgent Repair,2020-11-27,11:00:00,,,Tube Amendment,0,595,2,,
1736,Filter replacement,2020-12-01,11:00:00,,,,0,13,2,,
1737,Filter replacement,2020-12-01,02:00:00,,,,0,34,2,,
1738,Filter replacement,2020-12-01,02:00:00,,,,1,644,3,,
1739,Filter replacement,2020-12-01,03:00:00,,,Location : 倉,1,455,3,,
1740,Filter replacement,2020-12-01,02:00:00,,,,0,167,2,,
1741,Filter replacement,2020-12-03,10:00:00,,,,1,63,2,,
1742,Filter replacement,2020-12-03,11:00:00,,,,1,505,2,,
1743,Filter replacement,2020-12-02,10:00:00,,,,1,602,3,,
1744,Filter replacement,2020-12-02,10:00:00,,,,1,599,3,,
1745,Filter replacement,2020-12-02,02:00:00,,,,1,646,3,,
1746,Filter replacement,2020-12-03,10:00:00,,,,1,418,3,,
1747,Filter replacement,2020-12-03,02:00:00,,,,1,302,2,,
1748,Filter replacement,2020-12-03,02:00:00,,,,1,301,2,,
1749,Filter replacement,2020-12-02,03:00:00,,,,1,614,3,,
1750,Filter replacement,2020-12-03,02:00:00,,,,1,428,3,,
1751,Filter replacement,2020-12-07,10:00:00,,,,1,664,2,,
1752,Filter replacement,2020-12-04,10:00:00,,,,1,300,2,,
1753,Filter replacement,2020-12-07,10:00:00,,,,1,306,2,,
1754,Filter replacement,2020-12-07,11:00:00,,,,1,355,2,,
1755,Filter replacement,2020-12-09,10:00:00,,,,1,645,3,,
1756,Filter replacement,2020-12-09,10:00:00,,,,1,601,3,,
1757,Filter replacement,2020-12-07,10:00:00,,,,1,669,3,,
1758,Filter replacement,2020-12-07,11:00:00,,,,1,303,3,,
1759,Installation,2020-12-08,11:00:00,,,,1,690,3,,
1760,Filter replacement,2020-12-08,10:00:00,,,,1,667,3,,
1761,Filter replacement,2020-12-08,02:00:00,,,,1,567,3,,
1762,Filter replacement,2020-12-08,10:00:00,,,去到搵Elsa Lau,1,501,3,,
1763,Filter replacement,2020-12-08,02:00:00,,,,1,584,3,,
1764,Filter replacement,2020-12-08,11:00:00,,,"到前1個鐘致電梁小姐, THANKS",0,582,2,,
1765,Filter replacement,2020-12-08,11:00:00,,,"到前1個鐘致電梁小姐, THANKS",0,504,2,,
1767,Filter replacement,2020-12-08,11:00:00,,,12點前到,1,508,2,,
1768,Urgent Repair,2020-12-07,02:00:00,,,4/F育嬰室水機有問題,1,556,2,,
1769,Installation,2020-12-09,10:00:00,,,,1,245,2,,
1770,Filter replacement,2020-12-09,11:00:00,,,,1,457,3,,
1771,Filter replacement,2020-12-09,12:00:00,,,,1,293,3,,
1772,Filter replacement,2020-12-08,10:00:00,,,,1,431,2,,
1773,Filter replacement,2020-12-09,02:00:00,,,"到前致電梁小姐, 電話 : 2165 6118, thanks",1,307,3,,
1774,Filter replacement,2020-12-11,10:00:00,,,,0,419,3,,
1775,Filter replacement,2020-12-10,12:00:00,,,出水位滴水,0,109,2,,
1776,Filter replacement,2020-12-10,10:00:00,,,,1,605,3,,
1777,Filter replacement,2020-12-10,10:00:00,,,,0,536,3,,
1778,Filter replacement,2020-12-10,03:00:00,,,,1,366,3,,
1779,Installation,2020-06-02,10:00:00,,,,1,691,3,,
1781,Filter replacement,2020-12-11,10:00:00,,,,0,691,3,,
